0.0,173.66,391.73,908.15,909.17,585.89,1029.43,1070.46,643.89,1260.41,604.9,522.37,891.96,1946.3,2161.72,2199.5,2520.91,2241.82,3149.98,2784.8,2168.63,2807.98,1738.94,1953.48,1831.08,2381.28,2226.19,2621.74,2412.96,2528.04,2657.26,2139.43,2373.24,1235.61,1386.75,1205.54,770.8,882.93,800.78,2174.77,1918.74,2099.61,2325.39,2757.47,2677.66,1916.17,1911.37,1565.93,763.19,332.71,960.87,1017.22,778.25,1422.95,1601.61,1533.16,1436.75,1417.68,1558.34,1242.45,1157.19,1030.27,1749.62,1510.59,1260.45,1495.9,980.75,554.23,1003.22,615.5
185.0,0.0,428.24,944.67,945.68,622.41,1065.95,1106.98,680.41,1325.86,641.42,628.33,997.92,1982.82,2198.24,2236.02,2557.43,2278.33,3186.49,2821.32,2205.15,2844.5,1775.46,1990.0,1867.6,2417.8,2262.71,2658.25,2449.48,2564.55,2693.78,2175.95,2409.76,1427.6,1423.27,1242.06,807.31,988.89,906.75,2211.29,1955.26,2136.12,2361.9,2793.99,2714.18,1952.69,1947.89,1602.44,799.71,431.7,1059.85,1116.2,877.24,1521.93,1700.6,1632.14,1535.74,1516.66,1657.33,1434.44,1256.18,1129.26,1848.6,1702.59,1452.45,1687.89,1172.75,746.23,1195.21,807.49
363.13,428.24,0.0,698.15,803.8,356.27,924.06,965.09,538.52,1183.97,499.53,665.19,1034.78,1840.93,2056.35,2094.13,2415.54,2136.45,3044.6,2679.43,2063.26,2702.61,1633.57,1848.11,1725.71,2275.91,2120.82,2516.36,2307.59,2422.67,2551.89,2034.06,2267.87,1464.46,1281.38,1100.17,665.42,1025.75,943.61,2069.4,1813.37,1994.23,2220.01,2652.1,2572.29,1810.8,1806.0,1460.55,657.82,644.46,1146.56,1328.97,1090.0,1734.7,1913.36,1844.9,1748.5,1729.43,1781.29,1471.3,1377.65,1342.02,2061.37,1739.45,1489.31,1724.75,1209.61,783.09,1232.07,844.35
885.24,950.36,684.22,0.0,621.42,327.95,741.69,782.72,286.88,1150.22,890.83,1187.31,1556.9,1658.56,1873.98,1911.76,2233.17,1954.07,2862.23,2497.06,1880.88,2520.24,1451.2,1665.74,1543.34,2093.54,1938.44,2333.99,2125.22,2240.29,2369.52,1851.69,2085.5,1986.58,769.24,1073.94,758.56,1547.87,1091.75,1887.02,1631.0,1811.86,2037.64,2469.72,2389.92,1628.42,1623.62,1278.18,441.79,1166.57,1668.67,1851.08,1612.11,2256.81,2435.48,2367.02,2270.61,2251.54,2303.4,1993.41,1899.77,1864.13,2583.48,2261.56,2011.42,2246.86,1731.72,1305.2,1754.19,1366.46
876.81,941.93,800.04,621.59,0.0,994.2,120.26,161.29,357.33,528.79,869.2,1178.88,1548.47,1037.13,1252.55,1290.34,1611.74,1332.65,2240.81,1875.63,1259.46,1898.81,829.78,1044.31,921.91,1472.12,1317.02,1712.57,1503.79,1618.87,1748.09,1230.26,1464.07,1978.15,477.58,452.52,563.56,1087.52,987.5,1265.6,1009.57,1190.44,1416.22,1848.3,1768.49,1007.0,1002.2,656.76,318.34,1158.14,1660.24,1842.65,1603.69,2248.38,2427.05,2358.59,2262.19,2243.11,2294.97,1984.99,1891.34,1855.7,2575.05,2253.13,2002.99,2238.44,1723.29,1296.77,1745.76,1358.04
557.29,622.41,356.27,341.88,997.96,0.0,1118.22,1159.25,732.68,1378.14,693.69,859.36,1228.95,2035.09,2250.51,2288.3,2609.7,2330.61,3238.77,2873.59,2257.42,2896.77,1827.74,2042.27,1919.87,2470.08,2314.98,2710.53,2501.75,2616.83,2746.05,2228.22,2462.04,1658.63,1089.54,1294.33,859.59,1219.92,1137.77,2263.56,2007.54,2188.4,2414.18,2846.26,2766.45,2004.96,2000.16,1654.72,851.98,838.62,1340.72,1523.13,1284.17,1928.86,2107.53,2039.07,1942.67,1923.59,1975.45,1665.47,1571.82,1536.18,2255.53,1933.61,1683.47,1918.92,1403.77,977.25,1426.24,1038.52
996.42,1061.54,919.65,741.2,119.61,1113.82,0.0,155.63,476.94,523.14,988.81,1298.49,1437.9,1031.48,1246.9,1284.68,1606.09,1326.99,2235.15,1869.98,1253.8,1893.16,824.12,1038.66,916.26,1466.46,1311.36,1706.91,1498.14,1613.21,1742.44,1224.61,1458.42,2097.76,568.0,446.86,683.17,1081.86,981.84,1259.94,1003.92,1184.78,1410.56,1842.64,1762.84,1001.34,996.54,651.1,437.96,1277.76,1779.85,1962.27,1723.3,2368.0,2546.66,2478.2,2381.8,2362.72,2414.58,2104.6,2010.95,1975.32,2694.67,2372.75,2122.61,2358.05,1842.91,1416.39,1865.37,1477.65
1021.16,1086.28,944.39,765.94,144.35,1138.56,139.35,0.0,501.68,407.2,1013.55,1323.23,1321.96,996.5,1094.43,1249.7,1571.11,1292.02,2200.18,1835.0,1218.83,1858.18,789.14,1003.68,881.28,1431.48,1276.39,1671.93,1463.16,1578.23,1707.46,1189.63,1423.44,2122.5,592.74,330.92,707.91,965.92,865.91,1224.97,968.94,1149.81,1375.58,1807.67,1727.86,966.37,961.57,616.12,462.7,1302.5,1804.59,1987.01,1748.04,2392.74,2571.4,2502.94,2406.54,2387.46,2439.32,2129.34,2035.69,2000.06,2719.41,2397.49,2147.35,2382.79,1867.65,1441.13,1890.11,1502.39
620.93,686.05,544.16,273.64,343.92,738.33,464.18,505.21,0.0,872.71,613.32,923.0,1292.59,1381.05,1596.47,1634.25,1955.66,1676.56,2584.72,2219.55,1603.38,2242.73,1173.69,1388.23,1265.83,1816.03,1660.94,2056.48,1847.71,1962.78,2092.01,1574.18,1807.99,1722.27,821.49,796.43,481.05,1283.56,814.24,1609.52,1353.49,1534.35,1760.13,2192.22,2112.41,1350.92,1346.12,1000.67,197.94,902.27,1404.36,1586.78,1347.81,1992.51,2171.17,2102.71,2006.31,1987.23,2039.09,1729.11,1635.46,1599.83,2319.18,1997.26,1747.12,1982.56,1467.42,1040.9,1489.88,1102.16
1188.9,1311.18,1172.03,1129.03,507.45,1366.2,502.44,402.79,864.77,0.0,1108.94,738.04,949.65,864.98,921.03,1122.06,1504.95,1225.86,2134.02,1972.61,1220.54,2221.27,1152.24,1034.99,1244.37,1794.58,1639.48,2035.03,1826.25,1941.33,2070.55,1552.72,1786.54,2266.59,955.83,189.05,575.61,593.61,493.59,1363.66,1332.03,1512.9,1738.68,2170.76,2090.95,1329.46,1324.66,979.22,825.79,1470.23,1948.68,2154.74,1915.77,2560.47,2739.13,2670.67,2574.27,2555.2,2583.41,2273.43,2179.78,2167.79,2887.14,2541.57,2291.44,2526.88,1736.35,1360.26,2034.2,1470.34
576.3,641.42,499.53,871.94,872.95,693.69,993.22,1034.25,607.68,1108.94,0.0,396.91,884.41,1910.09,2125.51,2163.29,2484.7,2205.6,3113.76,2748.59,2132.42,2771.77,1702.73,1917.27,1794.87,2345.07,2189.97,2585.52,2376.75,2491.82,2621.05,2103.22,2337.03,1677.64,1350.53,1169.32,734.58,875.38,649.31,2138.55,1882.53,2063.39,2289.17,2721.25,2641.45,1879.95,1875.16,1529.71,726.98,857.63,1359.73,1542.14,1303.17,1947.87,2126.54,2058.08,1961.68,1942.6,1994.46,1684.47,1590.82,1555.19,2274.54,1952.62,1702.48,1937.92,1422.78,996.26,1445.24,1057.53
450.85,573.14,682.37,1198.8,1199.81,876.54,1320.08,1110.35,934.54,738.04,396.91,0.0,508.32,1603.03,1733.05,1965.82,2386.63,1963.9,3641.85,2901.44,1958.58,3098.63,2029.59,1773.03,2121.73,2671.93,2516.83,2912.38,2703.61,2818.68,2947.91,2430.08,2663.89,1528.55,1677.39,800.83,605.52,499.29,278.42,2101.7,2209.39,2390.25,2616.03,3048.11,2968.31,2206.81,2202.01,1856.57,1053.84,732.19,1210.64,1416.7,1177.73,1822.43,2001.09,1932.63,1836.23,1817.15,1845.37,1535.39,1441.74,1429.75,2149.09,1803.53,1553.39,1788.83,991.49,622.21,1296.16,732.29
820.44,942.73,1051.96,1568.39,1430.56,1246.13,1425.55,1325.9,1304.13,953.59,884.41,508.32,0.0,1534.13,1357.57,1590.34,2011.15,1846.07,3168.37,2525.96,1964.43,2898.37,1816.74,1778.88,1864.85,2471.67,2316.57,2826.91,2618.14,2733.21,2862.44,2344.61,2578.42,1898.14,1878.94,1016.38,1113.85,369.19,676.99,2107.55,2009.13,2189.99,2530.56,2847.85,2882.84,2121.34,2331.68,1902.33,1423.43,1101.78,1580.23,1786.29,1547.32,2192.02,2370.68,2302.22,2205.82,2186.74,2214.96,1904.98,1811.33,1799.34,2518.69,2173.12,1922.98,2158.43,1115.35,878.62,1665.75,988.71
1914.16,1979.28,1837.39,1658.94,1037.35,2031.56,1032.35,982.06,1394.68,859.84,1906.55,1597.88,1540.92,0.0,215.42,331.83,714.72,435.63,1343.79,1182.38,430.3,1364.24,282.62,244.75,330.72,937.54,782.45,1292.78,1084.01,1199.08,1328.31,810.48,1044.29,3015.5,1485.74,1029.51,1600.91,1473.34,1353.43,573.43,475.0,655.86,996.43,1313.72,1348.71,587.22,797.55,495.68,1355.7,2195.5,2697.59,2880.01,2641.04,3285.74,3464.4,3395.94,3299.54,3280.46,3332.32,3022.34,2928.69,2893.06,3612.41,3290.49,3040.35,3275.79,2760.65,2334.13,2783.11,2395.39
2171.02,2293.3,2052.81,1874.36,1252.77,2246.98,1247.77,1093.96,1610.1,915.89,2121.97,1739.97,1364.36,215.42,0.0,271.64,653.57,488.49,1329.8,1168.39,645.72,1579.66,498.04,460.17,546.14,1152.96,997.86,1508.2,1299.43,1414.5,1543.73,1025.9,1259.71,3248.71,1701.16,1085.56,1472.12,1296.79,1495.53,788.84,690.42,871.28,1211.85,1529.14,1564.13,802.64,1012.97,711.1,1571.12,2452.35,2930.81,3136.86,2897.9,3542.59,3721.26,3652.8,3556.4,3537.32,3565.53,3255.55,3161.9,3149.91,3869.26,3523.7,3273.56,3509.0,2465.93,2229.2,3016.32,2339.28
2167.36,2232.49,2090.6,1912.14,1290.56,2284.76,1285.55,1235.26,1647.88,1116.92,2159.75,1972.75,1597.14,331.83,271.64,0.0,696.58,417.49,1325.65,1164.24,412.16,1424.35,535.82,304.87,390.83,997.66,842.56,1482.31,1273.53,1388.61,1517.83,1000.0,1233.81,3268.7,1738.94,1286.59,1854.11,1529.56,1728.3,555.29,535.11,715.98,1185.96,1373.84,1538.23,776.74,1049.09,748.88,1608.9,2448.7,2950.8,3133.21,2894.24,3538.94,3717.6,3649.14,3552.74,3533.67,3585.52,3275.54,3181.89,3146.26,3865.61,3543.69,3293.55,3528.99,2698.7,2587.33,3036.31,2648.59
2498.8,2563.92,2422.03,2243.58,1621.99,2616.2,1616.99,1566.7,1979.32,1488.57,2491.19,2401.13,2025.52,703.48,661.16,685.34,0.0,308.96,1137.1,975.69,490.28,1459.68,867.26,645.87,728.14,1094.12,1179.87,1819.62,1610.84,1725.92,1855.14,1337.31,1571.12,3993.41,2070.38,1658.24,2185.55,1957.95,2156.69,633.41,872.42,1053.29,1523.27,1711.15,1875.54,1114.05,1386.41,1080.32,1940.34,2780.14,3282.24,3464.65,3225.68,3870.38,4049.04,5181.75,4981.86,3865.1,5170.1,3606.98,3513.33,3477.7,5170.26,4268.39,4018.26,4500.7,3345.29,2918.77,3367.75,2980.03
2223.04,2288.16,2146.27,1967.82,1346.23,2340.44,1341.22,1290.94,1703.56,1212.81,2215.43,1950.85,1887.85,427.72,523.49,409.58,308.96,0.0,908.16,746.75,202.84,1172.24,591.49,370.11,452.38,806.68,904.11,1543.85,1335.08,1450.15,1579.38,1061.55,1295.36,3324.38,1794.61,1382.48,1909.79,1820.28,1706.4,345.97,596.66,777.53,1247.5,1435.39,1599.78,838.28,1110.64,804.56,1664.57,2504.38,3006.47,3188.89,2949.92,3594.61,3773.28,3704.82,3608.42,3589.34,3641.2,3331.22,3237.57,3201.94,3921.28,3599.36,3349.23,3584.67,3069.52,2643.0,3091.99,2704.27
3131.2,3196.32,3054.43,2875.98,2254.39,3248.59,2249.38,2199.09,2611.72,2120.97,3123.59,3688.26,3214.78,1335.88,1348.6,1317.74,1137.1,908.16,0.0,505.78,1089.48,1335.66,1499.65,1278.27,1360.54,1411.2,1812.27,2452.01,2243.24,2358.31,2487.54,1969.71,2203.52,4484.5,2702.77,2290.64,2817.95,2645.39,2844.13,1232.61,1504.82,1685.69,2155.66,1641.88,2008.55,1746.44,2018.8,1712.72,2572.74,3412.53,3914.63,4097.04,3858.08,4502.77,4681.44,5672.84,5472.95,4497.5,5661.19,4737.01,4145.73,4110.1,5661.35,4759.48,4509.35,4991.79,4378.17,3551.16,4000.15,3612.43
2752.3,2817.42,2675.53,2497.08,1875.49,2869.7,1870.48,1820.2,2232.82,1959.56,2744.69,2927.17,2551.55,1174.47,1187.19,1156.33,975.69,746.75,505.78,0.0,658.54,890.43,1120.76,951.27,969.46,965.97,1085.99,1705.8,1662.05,1623.6,1885.83,1590.81,1824.62,3853.64,2323.88,2129.23,2439.05,2483.98,2682.72,667.85,1125.92,1216.82,1424.35,1196.66,1563.32,1367.55,1639.9,1333.82,2193.84,3033.64,3535.73,3718.15,3479.18,4123.88,4302.54,4234.08,4137.68,4118.6,4170.46,3860.48,3766.83,3731.2,5897.48,4128.63,3878.49,4113.93,3598.79,3172.26,3621.25,3233.53
2157.2,2222.32,2080.44,1901.98,1280.39,2274.6,1275.39,1225.1,1637.72,1217.91,2149.59,1955.96,1973.74,432.83,648.24,414.69,490.28,202.84,1089.48,658.54,0.0,980.94,525.66,304.27,386.54,662.72,637.39,1478.02,1269.24,1384.32,1513.54,995.71,1229.52,3258.54,1728.78,1516.33,1843.95,1906.17,1711.51,202.01,530.83,711.69,973.0,1107.18,1533.94,772.45,1044.81,738.72,1598.74,2438.54,2940.64,3123.05,2884.08,3528.78,3707.44,3638.98,3542.58,3523.5,3575.36,3265.38,3171.73,3136.1,3855.45,3533.53,3283.39,3518.83,3003.69,2577.17,3026.15,2638.43
2775.84,2840.96,2699.07,2520.62,1899.03,2893.24,1894.03,1843.74,2256.36,2211.24,2768.23,3077.91,2908.63,1367.71,1583.13,1427.82,1459.68,1172.24,1335.66,890.43,980.94,0.0,1104.25,1184.2,1061.8,486.08,619.76,1120.58,1249.57,1084.32,1300.61,1101.83,1166.72,3877.18,2347.42,2134.96,2462.59,2841.05,2669.95,977.92,976.17,797.38,885.07,611.44,978.1,1217.27,1329.0,1317.74,2217.38,3057.18,3559.27,3741.69,3502.72,4147.42,4326.08,4257.62,4161.22,4142.14,4194.0,3884.02,3790.37,3754.74,4474.08,4152.17,3902.03,4137.47,3622.33,3195.8,3644.79,3257.07
1707.01,1772.13,1630.24,1451.79,830.2,1824.41,825.2,774.91,1187.53,1142.41,1699.4,2009.08,1823.54,282.62,498.04,535.82,857.22,578.13,1486.29,1121.11,504.94,1093.26,0.0,289.79,167.4,666.57,511.47,1016.43,807.66,922.73,1051.96,534.13,767.94,2808.35,1278.59,1066.14,1393.76,1755.96,1601.12,511.08,243.38,384.89,720.08,1042.75,1072.36,310.86,544.72,259.46,1148.55,1988.35,2490.45,2672.86,2433.89,3078.59,3257.25,3188.79,3092.39,3073.31,3125.17,2815.19,2721.54,2685.91,3405.25,3083.34,2833.2,3068.64,2553.5,2126.98,2575.96,2188.24
1929.36,1994.48,1852.6,1674.14,1052.56,2046.76,1047.55,997.26,1409.88,1029.84,1921.75,1767.89,1785.67,244.75,460.17,304.87,659.77,380.67,1288.83,954.48,307.48,1192.22,297.82,0.0,158.71,765.53,610.43,1250.18,1041.4,1156.48,1285.7,767.87,1001.68,3030.7,1500.94,1288.49,1616.11,1718.1,1523.44,413.08,302.99,483.85,953.83,1141.71,1306.1,544.61,816.97,510.88,1370.9,2210.7,2712.8,2895.21,2656.24,3300.94,3479.6,3411.14,3314.74,3295.67,3347.52,3037.54,2943.89,2908.26,3627.61,3305.69,3055.55,3290.99,2775.85,2349.33,2798.31,2410.59
1798.94,1864.06,1722.17,1543.72,922.13,1916.34,917.13,866.84,1279.46,1119.28,1791.33,2101.01,1875.11,334.19,549.61,394.3,718.11,439.02,1347.18,960.17,365.83,1061.8,167.4,150.68,0.0,635.1,480.01,1119.75,910.98,1026.06,1155.28,637.45,871.26,2900.28,1370.52,1158.06,1485.69,1807.53,1693.05,350.14,172.56,353.43,823.41,1011.29,1175.68,414.19,686.54,380.46,1240.48,2080.28,2582.37,2764.79,2525.82,3170.52,3349.18,3280.72,3184.32,3165.24,3217.1,2907.12,2813.47,2777.84,3497.18,3175.26,2925.13,3160.57,2645.43,2218.91,2667.89,2280.17
2349.15,2414.26,2272.38,2093.92,1472.33,2466.54,1467.33,1417.04,1829.66,1784.54,2341.53,2651.21,2481.93,941.01,1156.43,1001.12,1104.28,816.84,1411.2,965.97,672.89,486.08,677.55,757.5,635.1,0.0,193.06,953.59,696.07,657.63,892.42,675.13,740.03,3450.48,1920.72,1708.27,2035.89,2414.36,2243.25,555.45,549.47,370.68,458.38,444.45,811.12,790.58,902.3,891.05,1790.68,2630.48,3132.58,3314.99,3076.02,3720.72,3899.38,3830.92,3734.52,3715.45,3767.3,3457.32,3363.67,3328.04,4047.39,3725.47,3475.33,3710.77,3195.63,2769.11,3218.09,2830.37
2198.31,2263.43,2121.54,1943.09,1321.5,2315.7,1316.49,1266.2,1678.82,1633.7,2190.7,2500.38,2331.09,790.17,1005.59,850.29,1174.1,895.0,1803.16,1082.85,644.42,616.62,526.71,606.67,484.27,189.93,0.0,820.94,660.12,621.67,856.46,552.35,617.25,3299.65,1769.88,1557.43,1885.06,2263.52,2092.41,526.98,398.64,219.84,335.59,566.11,932.78,639.74,779.52,740.21,1639.84,2479.64,2981.74,3164.15,2925.19,3569.88,3748.55,3680.09,3583.69,3564.61,3616.47,3306.49,3212.84,3177.2,3896.55,3574.63,3324.49,3559.93,3044.79,2618.27,3067.26,2679.54
2597.18,2662.3,2520.42,2341.96,1720.37,2714.58,1715.37,1665.08,2077.7,2032.58,2589.57,2899.25,2840.93,1300.01,1515.43,1477.23,1801.04,1521.95,2430.11,1700.84,1448.76,1115.62,1023.66,1233.61,1111.21,948.64,820.31,0.0,237.29,259.27,288.33,509.35,500.72,3698.52,2168.76,1956.31,2283.93,2591.31,2491.29,1454.9,1069.21,997.93,665.41,520.46,159.27,701.81,736.52,1052.39,2038.72,2878.52,3380.62,3563.03,3324.06,3968.76,4147.42,4078.96,3982.56,3963.48,4015.34,3705.36,3611.71,3576.08,4295.43,3973.51,3723.37,3958.81,3443.67,3017.15,3466.13,3078.41
2392.17,2457.28,2315.4,2136.94,1515.35,2509.56,1510.35,1460.06,1872.68,1827.56,2384.55,2694.23,2635.91,1094.99,1310.41,1272.21,1596.02,1316.93,2225.09,1662.05,1243.74,1253.33,818.64,1028.59,906.19,696.07,663.25,241.05,0.0,147.35,276.57,304.33,295.7,3493.5,1963.74,1751.29,2078.91,2386.29,2286.27,1249.88,864.19,840.87,460.39,658.17,296.97,496.79,531.5,847.37,1833.7,2673.5,3175.6,3358.01,3119.04,3763.74,3942.4,3873.94,3777.54,3758.47,3810.32,3500.34,3406.69,3371.06,4090.41,3768.49,3518.35,3753.79,3238.65,2812.13,3261.11,2873.39
2507.24,2572.36,2430.47,2252.02,1630.43,2624.64,1625.42,1575.14,1987.76,1942.64,2499.63,2809.31,2750.99,1210.07,1425.49,1387.29,1711.1,1432.0,2340.16,1623.6,1358.81,1084.32,933.72,1143.67,1021.27,657.63,624.8,273.94,147.35,0.0,309.47,419.41,410.77,3608.58,2078.81,1866.36,2193.99,2501.36,2401.34,1093.5,979.26,802.43,575.47,691.06,329.86,611.87,646.58,962.45,1948.78,2788.57,3290.67,3473.08,3234.12,3878.81,4057.48,3989.02,3892.62,3873.54,3925.4,3615.42,3521.77,3486.14,4205.48,3883.56,3633.43,3868.87,3353.73,2927.2,3376.19,2988.47
2642.46,2707.58,2565.69,2387.24,1765.65,2759.86,1760.65,1710.36,2122.98,2077.86,2634.85,2944.53,2886.21,1345.29,1560.71,1522.51,1846.32,1567.23,2475.39,1885.83,1494.04,1300.61,1068.94,1278.89,1156.49,898.41,865.59,288.33,282.57,304.55,0.0,554.63,546.0,3743.8,2214.04,2001.58,2329.21,2636.59,2536.57,1500.18,1114.49,1043.21,710.69,705.46,344.26,747.09,781.8,1097.67,2084.0,2923.8,3425.9,3608.31,3369.34,4014.04,4192.7,4124.24,4027.84,4008.76,4060.62,3750.64,3656.99,3621.36,4340.71,4018.79,3768.65,4004.09,3488.95,3062.43,3511.41,3123.69
2118.64,2183.75,2041.87,1863.41,1241.82,2236.03,1236.82,1186.53,1599.15,1554.03,2111.02,2420.7,2362.38,821.46,1036.88,998.68,1322.49,1043.4,1951.56,1586.38,970.21,1101.83,545.11,755.06,632.66,675.13,552.35,513.11,304.33,419.41,548.63,0.0,264.61,3219.97,1690.21,1477.76,1805.38,2112.76,2012.74,976.35,590.66,732.16,216.76,930.23,569.03,223.26,227.17,573.84,1560.17,2399.97,2902.07,3084.48,2845.51,3490.21,3668.87,3600.41,3504.01,3484.94,3536.79,3226.81,3133.16,3097.53,3816.88,3494.96,3244.82,3480.26,2965.12,2538.6,2987.58,2599.86
2352.45,2417.57,2275.68,2097.23,1475.64,2469.84,1470.63,1420.34,1832.96,1787.84,2344.84,2654.51,2596.19,1055.28,1270.69,1232.49,1556.3,1277.21,2185.37,1820.19,1204.02,1166.72,778.92,988.87,866.47,740.03,617.25,504.47,295.7,410.77,540.0,264.61,0.0,3453.79,1924.02,1711.57,2039.19,2346.57,2246.55,1210.16,824.47,837.11,281.65,921.59,560.4,457.08,491.78,807.65,1793.98,2633.78,3135.88,3318.29,3079.32,3724.02,3902.69,3834.23,3737.82,3718.75,3770.61,3460.62,3366.98,3331.34,4050.69,3728.77,3478.63,3714.07,3198.93,2772.41,3221.4,2833.68
1244.24,1399.39,1508.63,2025.06,2026.07,1702.79,2146.33,2187.36,1760.79,2293.57,1721.8,1555.53,1925.12,3063.21,3268.91,3316.41,3898.9,3358.72,4385.05,3901.7,3285.53,3924.88,2855.85,3070.38,2947.98,3498.19,3343.09,3738.64,3529.86,3644.94,3774.17,3256.33,3490.15,0.0,2503.65,2322.44,1887.7,1916.09,1833.95,3291.67,3035.65,3216.51,3442.29,3874.37,3794.56,3033.07,3028.27,2682.83,1880.09,1290.86,691.98,810.67,960.49,1118.63,1079.21,1043.7,761.31,851.85,710.29,252.51,421.73,623.86,969.46,591.93,341.79,577.23,766.43,889.62,348.33,775.64
1368.26,1433.38,1291.49,755.99,491.45,1084.12,555.5,596.53,848.78,964.03,1360.65,1670.33,1878.79,1472.37,1687.79,1725.57,2046.98,1767.88,2676.04,2310.87,1694.69,2334.05,1265.01,1479.55,1357.15,1907.35,1752.25,2147.8,1939.03,2054.1,2183.33,1665.5,1899.31,2469.6,0.0,887.75,1055.01,1522.76,1422.73,1700.83,1444.81,1625.67,1851.45,2283.53,2203.73,1442.23,1437.44,1091.99,601.53,1649.6,2151.7,2334.11,2095.14,2739.84,2918.5,2850.04,2753.64,2734.56,2786.42,2476.44,2382.79,2347.16,3066.51,2744.59,2494.45,2729.89,2214.75,1788.23,2237.21,1849.49
1176.94,1242.06,1100.17,1057.17,435.58,1294.33,430.57,330.92,792.91,200.99,1169.32,800.83,1012.44,1029.51,1085.56,1286.59,1669.48,1390.39,2298.55,2126.23,1510.05,2149.41,1080.37,1294.91,1172.51,1722.71,1567.61,1963.16,1754.39,1869.46,1998.69,1480.86,1714.67,2278.27,883.96,0.0,503.74,656.4,556.38,1516.19,1260.17,1441.03,1666.81,2098.89,2019.09,1257.59,1252.79,907.35,753.92,1458.27,1960.37,2142.78,1903.81,2548.51,2727.17,2658.71,2562.31,2543.24,2595.09,2285.11,2191.46,2155.83,2875.18,2553.26,2303.12,2538.56,2023.42,1423.05,2045.88,1658.16
742.19,807.31,665.42,739.67,563.56,859.59,683.82,724.85,475.41,587.55,734.58,605.52,1113.85,1600.69,1472.12,1853.89,2175.3,1896.2,2804.36,2439.19,1823.02,2462.37,1393.33,1607.87,1485.47,2035.67,1880.58,2276.12,2067.35,2182.43,2311.65,1793.82,2027.63,1843.53,1041.14,503.74,0.0,820.61,460.45,1829.16,1573.13,1753.99,1979.78,2411.86,2332.05,1570.56,1565.76,1220.31,417.58,1023.53,1525.63,1708.04,1469.07,2113.77,2292.43,2223.97,2127.57,2108.49,2160.35,1850.37,1756.72,1721.09,2440.44,2118.52,1868.38,2103.82,1588.68,1162.16,1611.14,1223.42
811.41,933.7,1042.94,1559.36,1070.58,1237.1,1065.57,965.92,1295.1,593.61,875.38,499.29,369.19,1466.55,1290.0,1522.77,1943.58,1778.5,2619.8,2458.39,1896.86,2830.79,1749.17,1711.31,1797.27,2404.1,2249.0,2598.16,2389.39,2504.46,2633.69,2115.86,2349.67,1889.11,1518.96,656.4,820.61,0.0,394.12,2039.98,1941.56,2122.42,2301.81,2780.28,2654.09,1892.6,1887.8,1542.35,1414.4,1092.75,1571.2,1777.26,1538.29,2182.99,2361.65,2293.19,2196.79,2177.71,2205.93,1895.95,1802.3,1790.31,2509.66,2164.09,1913.95,2149.4,1206.47,869.59,1656.72,979.67
729.27,851.55,960.79,1072.86,970.56,1154.95,965.55,865.91,808.6,493.59,649.31,278.42,676.99,1358.58,1488.6,1721.38,2142.18,1719.46,2818.4,2656.99,1714.13,2684.39,1615.35,1528.58,1707.49,2257.69,2102.59,2498.14,2289.37,2404.44,2533.67,2015.84,2249.65,1806.96,1418.94,556.38,460.45,394.12,0.0,1857.26,1795.15,1976.01,2201.79,2633.88,2554.07,1792.58,1787.78,1442.33,798.81,1010.6,1489.06,1695.11,1456.15,2100.84,2279.51,2211.05,2114.65,2095.57,2123.78,1813.8,1720.15,1708.17,2427.51,2081.95,1831.81,2067.25,1269.91,900.63,1574.57,1010.71
2137.95,2203.07,2061.18,1882.73,1261.14,2255.35,1256.14,1205.85,1618.47,1352.21,2130.34,2090.25,2108.04,567.12,782.54,548.98,624.58,337.14,1223.78,667.85,193.18,977.92,506.41,394.92,355.11,555.45,530.11,1458.77,1249.99,1093.5,1494.29,976.46,1210.27,3239.29,1709.53,1497.07,1824.7,2040.47,1845.81,0.0,511.57,692.44,865.73,999.9,1366.56,753.2,1025.55,719.47,1579.49,2419.29,2921.39,3103.8,2864.83,3509.53,3688.19,3619.73,3523.33,3504.25,3556.11,3246.13,3152.48,3116.85,3836.2,3514.28,3264.14,3499.58,2984.44,2557.92,3006.9,2619.18
1886.6,1951.72,1809.83,1631.38,1009.79,2004.0,1004.79,954.5,1367.12,1322.0,1878.99,2188.67,2019.39,478.47,693.89,538.58,862.39,583.3,1491.46,1126.28,510.11,976.17,255.06,294.96,172.56,549.47,394.38,1072.96,864.19,979.26,1108.49,590.66,824.47,2987.94,1458.18,1245.72,1573.35,1951.81,1780.71,516.25,0.0,267.79,729.99,925.66,1128.89,367.39,644.22,468.12,1328.14,2167.94,2670.03,2852.45,2613.48,3258.18,3436.84,3368.38,3271.98,3252.9,3304.76,2994.78,2901.13,2865.5,3584.84,3262.93,3012.79,3248.23,2733.09,2306.57,2755.55,2367.83
2067.47,2132.59,1990.7,1812.24,1190.66,2184.86,1185.65,1135.36,1547.98,1502.86,2059.86,2369.53,2200.25,659.33,874.75,719.45,1043.26,764.16,1672.32,1216.82,690.97,797.38,395.87,475.83,353.43,370.68,215.58,1001.69,840.87,802.43,1037.22,732.16,832.85,3168.81,1639.04,1426.59,1754.21,2132.68,1961.57,697.11,267.79,0.0,551.2,746.86,1113.53,508.9,785.72,609.37,1509.0,2348.8,2850.9,3033.31,2794.34,3439.04,3617.71,3549.25,3452.84,3433.77,3485.63,3175.64,3082.0,3046.36,3765.71,3443.79,3193.65,3429.09,2913.95,2487.43,2936.42,2548.7
2304.59,2369.71,2227.82,2049.37,1427.78,2421.99,1422.77,1372.48,1785.11,1739.99,2296.98,2606.66,2548.34,1007.42,1222.84,1184.64,1508.45,1229.35,2137.51,1424.35,980.03,885.07,731.07,941.02,818.62,458.38,335.59,669.17,460.39,575.47,704.69,216.76,281.65,3405.93,1876.16,1663.71,1991.34,2298.71,2198.69,862.59,734.25,555.46,0.0,757.52,725.09,409.22,443.93,759.8,1746.13,2585.93,3088.02,3270.44,3031.47,3676.16,3854.83,3786.37,3689.97,3670.89,3722.75,3412.77,3319.12,3283.49,4002.83,3680.91,3430.78,3666.22,3151.07,2724.55,3173.54,2785.82
2725.33,2790.45,2648.56,2470.11,1848.52,2842.72,1843.51,1793.22,2205.84,2160.72,2717.72,3027.4,2858.11,1317.19,1532.61,1377.31,1701.12,1422.02,1641.88,1196.66,1117.34,611.44,1053.73,1133.69,1011.29,444.45,569.24,525.42,654.41,676.4,705.46,926.47,917.84,3826.67,2296.9,2084.45,2412.07,2790.54,2619.43,999.9,925.66,746.86,757.52,0.0,382.95,1118.94,1153.64,1267.23,2166.86,3006.66,3508.76,3691.17,3452.21,4096.9,4275.57,4207.11,4110.71,4091.63,4143.49,3833.5,3739.86,3704.22,4423.57,4101.65,3851.51,4086.95,3571.81,3145.29,3594.28,3206.56
2653.11,2718.23,2576.34,2397.89,1776.3,2770.5,1771.29,1721.01,2133.63,2088.51,2645.5,2955.18,2896.86,1355.94,1571.36,1533.16,1856.97,1577.87,2008.55,1563.32,1504.69,978.1,1079.59,1289.54,1167.14,811.12,935.91,164.22,293.22,315.2,344.26,565.28,556.64,3754.45,2224.68,2012.23,2339.86,2647.23,2547.21,1366.56,1125.13,1113.53,721.34,382.95,0.0,757.74,792.45,1108.32,2094.65,2934.45,3436.54,3618.96,3379.99,4024.68,4203.35,4134.89,4038.49,4019.41,4071.27,3761.29,3667.64,3632.0,4351.35,4029.43,3779.3,4014.74,3499.59,3073.07,3522.06,3134.34
1895.37,1960.49,1818.6,1640.15,1018.56,2012.77,1013.55,963.27,1375.89,1330.77,1887.76,2197.44,2139.12,598.2,813.62,775.42,1099.23,820.14,1728.3,1363.12,746.95,1217.27,321.85,531.8,409.4,790.58,635.48,705.57,496.79,611.87,741.09,223.26,457.08,2996.71,1466.94,1254.49,1582.12,1889.5,1789.48,753.09,367.39,508.9,409.22,1122.69,761.49,0.0,291.9,350.58,1336.91,2176.71,2678.8,2861.22,2622.25,3266.95,3445.61,3377.15,3280.75,3261.67,3313.53,3003.55,2909.9,2874.27,3593.61,3271.7,3021.56,3257.0,2741.86,2315.33,2764.32,2376.6
1879.23,1944.35,1802.46,1624.01,1002.42,1996.62,997.41,947.12,1359.74,1314.63,1871.62,2181.3,2229.39,797.51,1012.92,1050.71,1372.11,1093.02,2001.18,1636.0,1019.83,1329.0,544.72,804.68,682.28,902.3,779.52,740.28,531.5,646.58,775.8,227.17,491.78,2980.57,1450.8,1238.35,1565.98,1873.35,1773.33,1025.97,647.03,788.54,443.93,1157.4,796.2,291.9,0.0,345.44,1320.76,2160.56,2662.66,2845.07,2606.11,3250.8,3429.47,3361.01,3264.61,3245.53,3297.39,2987.41,2893.76,2858.12,3577.47,3255.55,3005.42,3240.85,2725.71,2299.19,2748.18,2360.46
1533.79,1598.91,1457.02,1278.56,656.98,1651.18,651.97,601.68,1014.3,969.18,1526.18,1835.85,1883.95,495.68,711.1,748.88,1070.29,791.19,1699.35,1334.18,718.01,1306.76,259.46,502.86,380.46,880.06,724.97,1049.52,840.75,955.82,1085.05,567.22,801.03,2635.13,1105.36,892.91,1220.53,1527.91,1427.89,724.15,468.12,598.39,753.17,1256.25,1105.45,343.96,345.44,0.0,975.32,1815.12,2317.22,2499.63,2260.66,2905.36,3084.02,3015.56,2919.16,2900.09,2951.95,2641.96,2548.31,2512.68,3232.03,2910.11,2659.97,2895.41,2380.27,1953.75,2402.73,2015.01
730.83,795.95,654.06,428.54,318.34,848.23,438.61,479.64,211.35,847.14,723.22,1032.9,1402.49,1355.48,1570.9,1608.68,1930.09,1650.99,2559.15,2193.98,1577.81,2217.16,1148.12,1362.66,1240.26,1790.46,1635.36,2030.91,1822.14,1937.21,2066.44,1548.61,1782.42,1832.17,601.53,770.86,417.58,1393.46,798.81,1583.94,1327.92,1508.78,1734.56,2166.64,2086.84,1325.34,1320.55,975.1,0.0,1012.17,1514.27,1696.68,1457.71,2102.41,2281.07,2212.61,2116.21,2097.13,2148.99,1839.01,1745.36,1709.73,2429.07,2107.16,1857.02,2092.46,1577.32,1150.8,1599.78,1212.06
344.05,431.7,656.74,1173.17,1174.18,850.91,1294.45,1335.48,908.91,1514.14,869.92,776.1,1145.69,2211.32,2489.48,2464.52,2785.93,2506.83,3414.99,3049.82,2433.65,3073.0,2003.96,2218.5,2096.1,2646.3,2491.2,2886.75,2677.98,2793.05,2922.28,2404.45,2638.26,1263.87,1651.76,1470.55,1035.81,1136.66,1054.52,2439.78,2183.76,2364.62,2590.4,3022.48,2942.68,2181.19,2176.39,1830.94,1028.21,0.0,910.19,966.54,727.58,1372.27,1550.94,1482.48,1386.08,1367.0,1507.67,1270.71,1106.52,979.59,1698.94,1538.85,1288.72,1524.16,1009.02,582.49,1031.48,643.76
899.34,1070.17,1163.74,1680.16,1681.18,1357.9,1801.44,1842.47,1415.9,1948.68,1376.91,1210.64,1580.23,2718.31,2924.01,2971.51,3292.92,3013.83,3921.99,3556.81,2940.64,3579.99,2510.96,2725.49,2603.09,3153.29,2998.2,3393.75,3184.97,3300.05,3429.27,2911.44,3145.25,702.53,2158.76,1977.55,1542.81,1571.2,1489.06,2946.78,2690.75,2871.62,3097.4,3529.48,3449.67,2688.18,2683.38,2337.94,1535.2,920.5,0.0,419.72,329.34,774.32,971.16,935.66,839.26,820.18,895.3,634.77,491.67,394.7,1152.12,1134.58,884.44,1119.88,604.74,544.73,395.55,477.23
1038.87,1126.52,1351.56,1867.99,1869.0,1545.73,1989.27,2030.3,1603.73,2220.25,1564.74,1482.2,1851.8,2906.14,3121.56,3159.34,3480.75,3201.65,4109.81,3744.64,3128.47,3767.82,2698.78,2913.32,2790.92,3341.12,3186.02,3581.57,3372.8,3487.87,3617.1,3099.27,3333.08,881.02,2346.58,2165.37,1730.63,1842.77,1760.62,3134.6,2878.58,3059.44,3285.22,3717.3,3637.5,2876.0,2871.21,2525.76,1723.03,976.85,419.72,0.0,385.69,791.97,802.89,767.39,670.98,651.91,792.57,678.44,391.42,264.5,983.85,1387.68,1137.54,1372.98,857.84,797.83,574.03,730.33
750.93,838.57,1063.62,1580.04,1581.06,1257.78,1701.32,1742.35,1315.78,1932.3,1276.79,1194.26,1563.85,2618.19,2833.61,2871.39,3192.8,2913.71,3821.87,3456.69,2840.52,3479.87,2410.83,2625.37,2502.97,3053.17,2898.08,3293.63,3084.85,3199.93,3329.15,2811.32,3045.13,922.06,2058.64,1877.43,1442.69,1554.82,1472.68,2846.66,2590.63,2771.5,2997.28,3429.36,3349.55,2588.06,2583.26,2237.81,1435.08,688.91,280.36,336.71,0.0,742.44,888.15,852.64,756.24,737.16,877.83,763.7,476.68,349.76,1069.1,1354.11,1103.97,1339.41,824.27,764.25,615.07,696.76
1522.74,1610.38,1835.43,2351.85,2352.87,2029.59,2473.13,2514.16,2087.59,2704.11,2048.6,1966.07,2335.66,3390.0,3605.42,3643.21,3964.61,3685.52,4593.68,4228.5,3612.33,4251.68,3182.65,3397.18,3274.78,3824.99,3669.89,4065.44,3856.66,3971.74,4100.96,3583.13,3816.95,1210.23,2830.45,2649.24,2214.5,2326.63,2244.49,3618.47,3362.45,3543.31,3769.09,4201.17,4121.36,3359.87,3355.07,3009.63,2206.89,1460.72,852.46,831.41,869.55,0.0,483.2,600.07,779.13,760.06,923.89,975.5,688.48,644.6,1092.0,1764.67,1514.53,1872.29,1437.79,1377.78,1153.98,1310.29
1608.63,1696.28,1921.32,2437.75,2438.76,2115.49,2559.03,2600.06,2173.49,2790.01,2134.5,2051.97,2421.56,3475.9,3691.32,3729.1,4050.51,3771.41,4679.57,4314.4,3698.23,4337.58,3268.54,3483.08,3360.68,3910.88,3755.78,4151.33,3942.56,4057.63,4186.86,3669.03,3902.84,1181.72,2916.34,2735.13,2300.39,2412.53,2330.38,3704.36,3448.34,3629.2,3854.98,4287.06,4207.26,3445.76,3440.97,3095.52,2292.79,1546.61,971.16,802.89,937.12,383.98,0.0,475.28,750.62,731.54,895.37,946.98,659.96,616.09,1063.48,1973.2,1486.01,1747.5,1409.28,1349.26,1125.47,1281.77
1554.81,1642.45,1867.5,2383.92,2384.94,2061.66,2505.2,2546.23,2119.66,2736.18,2080.67,1998.14,2367.73,3422.07,3637.49,3675.27,4990.13,3717.59,5476.28,4260.57,3644.4,4283.75,3214.72,3429.25,3306.85,3857.05,3701.96,4097.51,3888.73,4003.81,4133.03,3615.2,3849.01,1146.21,2862.52,2681.31,2246.57,2358.7,2276.56,3650.54,3394.51,3575.38,3801.16,4233.24,4153.43,3391.94,3387.14,3041.7,2238.96,1492.79,935.66,767.39,901.62,610.98,475.28,0.0,603.73,696.03,791.97,911.48,624.46,580.58,792.13,1620.28,1618.04,1394.57,1373.77,1313.76,1089.96,1246.27
1443.31,1530.95,1756.0,2272.42,2273.44,1950.16,2393.7,2434.73,2008.16,2605.2,1969.17,1867.15,2236.75,3310.57,4459.89,3563.78,4750.78,3606.09,5236.92,4149.07,3532.9,4172.25,3103.22,3317.75,3195.35,3745.56,3590.46,3986.01,3777.23,3892.31,4021.53,3503.7,3737.51,779.14,2751.02,2569.81,2135.07,2227.72,2145.57,3539.04,3283.01,3463.88,3689.66,4121.74,4041.93,3280.44,3275.64,2930.2,2127.46,1381.29,824.16,655.89,790.12,774.95,735.52,640.97,0.0,456.74,266.87,544.4,425.41,469.08,357.22,1380.92,1083.43,1155.22,1261.26,1201.24,807.19,1133.75
1483.4,1571.05,1796.09,2312.52,2313.53,1990.26,2433.8,2474.83,2048.26,2664.78,2009.27,1926.73,2296.33,3350.67,3566.09,3603.87,3925.28,3646.18,5625.61,4189.17,3573.0,4212.35,3143.31,3357.85,3235.45,3785.65,3630.55,4026.1,3817.33,3932.4,4061.63,3543.8,3777.61,872.14,2791.11,2609.9,2175.16,2287.3,2205.15,3579.14,3323.11,3503.97,3729.75,4161.83,4082.03,3320.53,3315.74,2970.29,2167.56,1421.38,864.25,695.98,830.22,815.04,775.61,740.11,433.04,0.0,433.24,637.41,518.42,509.18,745.9,1426.58,1176.44,1543.9,1302.37,1242.35,900.2,1174.86
1553.22,1640.86,1771.7,2288.12,2289.14,1965.86,2409.4,2450.43,2023.86,2556.64,1984.87,1818.6,2188.19,3326.27,3531.98,3579.48,4900.58,3621.79,5386.73,4164.77,3548.6,4187.95,3118.92,3333.45,3211.05,3761.26,3606.16,4001.71,3792.93,3908.01,4037.23,3519.4,3753.22,730.58,2766.72,2585.51,2150.77,2179.16,2097.02,3554.74,3298.71,3479.58,3705.36,4137.44,4057.63,3296.14,3291.34,2945.9,2143.16,1491.2,868.53,765.8,900.03,916.86,877.44,790.78,246.3,459.84,0.0,495.85,376.86,579.0,265.14,1285.02,1034.88,1305.02,1212.7,1152.69,758.64,1085.2
1217.62,1372.77,1482.01,1998.44,1999.45,1676.18,2119.72,2160.75,1734.18,2266.96,1695.19,1528.92,1898.51,3036.59,3242.29,3289.79,4118.0,3332.1,4604.15,3875.09,3258.91,3898.27,2829.23,3043.77,2921.37,3471.57,3316.47,3712.02,3503.25,3618.32,3747.55,3229.72,3463.53,256.59,2477.03,2295.82,1861.08,1889.48,1807.33,3265.05,3009.03,3189.89,3415.67,3847.75,3767.95,3006.45,3001.65,2656.21,1853.48,1264.24,628.3,601.87,736.11,909.84,870.41,834.91,552.52,643.06,501.5,0.0,212.93,415.07,760.67,811.02,560.89,796.33,739.82,863.0,284.65,749.02
1178.85,1266.49,1394.83,1911.26,1912.27,1589.0,2032.54,2073.57,1647.0,2179.78,1608.01,1441.74,1811.33,2949.41,3155.11,3202.61,3524.02,3244.92,4153.08,3787.91,3171.74,3811.09,2742.05,2956.59,2834.19,3384.39,3229.29,3624.84,3416.07,3531.14,3660.37,3142.54,3376.35,524.23,2389.85,2208.64,1773.9,1802.3,1720.15,3177.88,2921.85,3102.71,3328.49,3760.57,3680.77,2919.27,2914.48,2569.03,1766.3,1116.82,491.67,391.42,525.66,699.39,659.96,624.46,454.65,508.98,403.63,289.5,0.0,204.62,662.8,1078.67,828.53,1063.97,835.84,775.82,529.24,708.33
1051.92,1139.56,1364.61,1881.04,1882.05,1558.78,2002.32,2043.35,1616.78,2233.3,1577.79,1495.26,1864.85,2919.19,3134.61,3172.39,3493.8,3214.7,4122.86,3757.69,3141.51,3780.87,2711.83,2926.37,2803.97,3354.17,3199.07,3594.62,3385.85,3500.92,3630.15,3112.32,3346.13,726.37,2359.63,2178.42,1743.68,1855.82,1773.67,3147.66,2891.63,3072.49,3298.27,3730.35,3650.55,2889.05,2884.25,2538.81,1736.08,989.9,394.7,264.5,398.74,655.52,616.09,580.58,484.18,465.11,605.77,491.64,204.62,0.0,797.05,1280.81,1030.67,1266.11,832.82,772.81,549.01,705.31
1762.09,1849.73,2074.78,2591.2,2592.22,2268.94,2712.48,2753.51,2326.94,2815.81,2287.95,2077.77,2447.36,3629.35,4609.85,3882.56,4900.74,4960.92,5386.88,5640.82,3851.68,4491.03,3422.0,3636.53,3514.13,4064.34,3909.24,4304.79,4096.01,4211.09,4340.31,3822.48,4056.29,989.75,3069.8,2888.59,2453.85,2438.33,2356.19,3857.82,3601.79,3782.66,4008.44,4440.52,4360.71,3599.22,3594.42,3248.98,2446.24,1700.07,1142.94,974.67,1108.9,1093.73,1054.3,790.93,318.78,775.52,265.14,755.02,636.03,787.86,0.0,1530.88,1528.64,1305.18,1471.87,1411.86,1017.81,1344.36
1492.24,1647.39,1756.63,2273.05,2274.07,1950.79,2394.33,2435.36,2008.79,2541.57,1969.8,1803.53,2173.12,3311.2,3516.91,3564.41,4146.9,3606.72,4633.05,4149.7,3533.53,4172.88,3103.85,3318.38,3195.98,3746.19,3591.09,3986.64,3777.86,3892.94,4022.16,3504.33,3738.15,564.94,2751.65,2570.44,2135.7,2164.09,2081.95,3539.67,3283.64,3464.51,3690.29,4122.37,4042.56,3281.07,3276.27,2930.83,2128.09,1538.85,1134.58,1387.68,1403.08,1683.58,1644.15,1710.36,1510.48,1416.8,1275.23,817.46,986.67,1188.81,1698.88,0.0,402.99,714.46,1014.43,1137.62,893.13,1023.64
1242.1,1397.25,1506.49,2022.92,2023.93,1700.66,2144.2,2185.22,1758.66,2291.44,1719.66,1553.39,1922.98,3061.07,3266.77,3314.27,3896.76,3356.58,4382.91,3899.57,3283.39,3922.75,2853.71,3068.25,2945.85,3496.05,3340.95,3736.5,3527.73,3642.8,3772.03,3254.2,3488.01,314.81,2501.51,2320.3,1885.56,1913.95,1831.81,3289.53,3033.51,3214.37,3440.15,3872.23,3792.43,3030.93,3026.13,2680.69,1877.96,1288.72,884.44,1137.54,1152.95,1433.44,1394.01,1358.51,1076.12,1166.66,1025.1,567.32,736.53,938.67,1284.27,402.99,0.0,464.32,764.29,887.48,642.99,773.5
1473.67,1628.82,1738.06,2254.49,2255.5,1932.23,2375.76,2416.79,1990.22,2523.01,1951.23,1784.96,2154.55,3292.64,3498.34,3545.84,4383.44,3588.15,4869.58,4131.14,3514.96,4154.32,3085.28,3299.81,3177.42,3727.62,3572.52,3968.07,3759.3,3874.37,4003.6,3485.77,3719.58,546.38,2733.08,2551.87,2117.13,2145.52,2063.38,3521.1,3265.08,3445.94,3671.72,4103.8,4024.0,3262.5,3257.7,2912.26,2109.53,1520.29,1116.01,1369.11,1384.52,1665.01,1858.97,1506.05,1306.16,1398.23,1494.4,798.89,968.1,1170.24,1494.56,710.59,460.45,0.0,995.86,1119.05,874.56,1005.07
962.4,1117.55,1226.79,1743.22,1744.23,1420.95,1864.49,1905.52,1478.95,1744.66,1439.96,991.49,1115.35,2781.37,2459.13,2691.91,3355.97,3076.88,4244.17,3619.86,3003.69,3643.04,2574.01,2788.54,2666.15,3216.35,3061.25,3456.8,3248.02,3363.1,3492.33,2974.5,3208.31,739.45,2221.81,2040.6,1605.86,1206.47,1269.91,3009.83,2753.81,2934.67,3160.45,3592.53,3512.73,2751.23,2746.43,2400.99,1598.26,1009.02,604.74,857.84,873.25,1343.82,1409.28,1373.77,1255.08,1258.29,1204.06,746.29,835.84,832.82,1463.23,1014.43,764.29,999.73,0.0,437.89,507.06,367.55
535.88,691.03,800.27,1316.69,1317.71,994.43,1437.97,1479.0,1052.43,1360.26,1013.44,622.21,902.46,2354.84,2246.25,2479.02,2929.45,2650.36,3558.52,3193.34,2577.17,3216.52,2147.49,2362.02,2239.62,2789.83,2634.73,3030.28,2821.5,2936.58,3065.8,2547.97,2781.78,852.8,1795.29,1423.05,1179.34,893.43,900.63,2583.31,2327.28,2508.15,2733.93,3166.01,3086.2,2324.71,2319.91,1974.47,1171.73,582.49,534.89,787.99,803.4,1273.97,1339.43,1303.92,1220.64,1188.44,1169.62,859.64,765.99,762.97,1428.79,1127.78,877.65,1113.09,437.89,0.0,620.41,133.26
984.86,1140.02,1249.25,1765.68,1766.69,1443.42,1886.96,1927.99,1501.42,2034.2,1462.43,1296.16,1665.75,2803.83,3009.53,3057.03,3378.44,3099.34,4007.5,3642.33,3026.16,3665.51,2596.47,2811.01,2688.61,3238.81,3083.71,3479.26,3270.49,3385.56,3514.79,2996.96,3230.77,358.87,2244.27,2063.06,1628.32,1656.72,1574.57,3032.29,2776.27,2957.13,3182.91,3614.99,3535.19,2773.7,2768.9,2423.45,1620.72,1031.48,395.55,574.03,664.05,1060.02,1125.47,1089.96,799.91,890.45,748.89,291.12,460.33,549.01,1008.06,893.13,642.99,878.43,507.06,630.24,0.0,516.26
597.14,752.29,861.53,1377.96,1378.97,1055.7,1499.24,1540.27,1113.7,1470.34,1074.71,732.29,1012.54,2416.11,2356.33,2669.31,2990.72,2711.62,3619.78,3254.61,2638.44,3277.79,2208.75,2423.29,2300.89,2851.09,2695.99,3091.54,2882.77,2997.84,3127.07,2609.24,2843.05,748.65,1856.55,1533.13,1240.6,1003.52,1010.71,2644.57,2388.55,2569.41,2795.19,3227.27,3147.47,2385.98,2381.18,2035.73,1233.0,643.76,477.23,730.33,745.74,1216.32,1281.77,1246.27,1162.99,1130.79,1111.96,755.49,708.33,705.31,1371.13,1023.64,773.5,1008.94,367.55,133.26,516.26,0.0
