0.0,1128.68,4363.05,11335.78,12399.06,7528.95,13159.01,13721.49,8095.02,15292.36,5002.61,5694.27,11772.51,26383.47,29081.21,29689.63,32165.41,29478.6,43268.86,36028.96,28392.2,37605.24,23943.43,25536.85,24825.9,32735.83,30452.49,34846.71,32976.3,34037.2,35468.76,28991.16,31627.16,15530.22,16578.17,14401.48,9060.54,11024.05,9117.46,28483.46,25731.76,28724.24,31230.95,38031.18,36051.97,26099.3,25732.56,21597.26,9746.84,2718.51,11596.71,11687.48,9112.08,16802.35,19825.68,18137.54,16627.69,15114.07,17653.57,14894.22,14209.02,12787.95,19351.97,18841.29,14964.64,17166.04,10955.1,6680.41,12103.24,7344.98
1149.7,0.0,4250.69,11223.43,12286.71,7416.59,13046.65,13609.14,7982.66,15743.06,4890.26,6554.85,12633.09,26271.12,28968.85,29577.27,32053.06,29366.24,43156.51,35916.61,28279.85,37492.88,23831.07,25424.5,24713.55,32623.48,30340.13,34734.36,32863.95,33924.85,35356.41,28878.8,31514.81,17237.61,16465.81,14289.12,8948.18,11884.63,9978.04,28371.1,25619.4,28611.88,31118.6,37918.82,35939.61,25986.95,25620.21,21484.9,9634.48,3543.02,12421.22,12511.99,9936.6,17626.87,20650.19,18962.05,17452.21,15938.59,18478.08,16601.62,15033.53,13612.47,20176.49,20548.69,16672.04,18873.43,12662.49,8387.8,13810.63,9052.37
4150.13,4250.69,0.0,9734.34,12396.34,5627.96,13156.28,13718.77,8092.29,15852.69,4999.89,8564.23,14642.46,26380.75,29078.48,29686.9,32162.69,29475.87,43266.14,36026.24,28389.48,37602.51,23940.7,25534.13,24823.18,32733.11,30449.77,34843.99,32973.57,34034.48,35466.04,28988.43,31624.44,19246.99,16575.44,14398.75,9057.81,13894.01,11987.42,28480.73,25729.03,28721.51,31228.23,38028.45,36049.25,26096.58,25729.83,21594.53,9744.11,6649.37,14760.36,15618.35,13042.95,20733.22,23756.54,22068.4,20558.56,19044.94,20889.36,18610.99,17413.79,16718.82,23282.84,22558.06,18681.41,20882.81,14671.87,10397.17,15820.01,11061.75
11383.71,11484.27,9695.64,0.0,8424.26,4067.69,9184.2,9746.69,3316.63,14246.29,9833.97,15797.81,21876.04,22408.67,25106.4,25714.82,28190.61,25503.79,39294.06,32054.16,24417.4,33630.43,19968.62,21562.05,20851.1,28761.03,26477.69,30871.91,29001.5,30062.4,31493.96,25016.35,27652.36,26480.57,6269.03,13021.13,9155.91,21127.59,12232.25,24508.65,21756.95,24749.43,27256.15,34056.38,32077.17,22124.5,21757.76,17622.46,4977.13,13882.96,21993.94,22851.93,20276.53,27966.8,30990.13,29301.98,27792.14,26278.52,28122.95,25844.57,24647.37,23952.4,30516.42,29791.64,25914.99,28116.39,21905.45,17630.75,23053.59,18295.33
12185.28,12285.85,12395.48,8433.79,0.0,15561.37,759.94,1322.43,5193.03,5822.03,10834.76,16599.38,22677.61,13984.41,16682.14,17290.56,19766.35,17079.53,30869.8,23629.9,15993.14,25206.17,11544.36,13137.79,12426.84,20336.77,18053.43,22447.65,20577.24,21638.14,23069.7,16592.09,19228.1,27282.14,4179.11,4596.87,6784.36,13613.49,11879.04,16084.39,13332.69,16325.17,18831.89,25632.12,23652.91,13700.24,13333.5,9198.2,4709.53,14684.53,22795.51,23653.5,21078.1,28768.38,31791.7,30103.55,28593.71,27080.09,28924.52,26646.14,25448.94,24753.97,31317.99,30593.21,26716.56,28917.96,22707.02,18432.32,23855.16,19096.9
7316.03,7416.59,5627.96,4106.39,15562.23,0.0,16322.18,16884.67,11258.19,19018.59,8165.78,11730.13,17808.36,29546.65,32244.38,32852.8,35328.59,32641.77,46432.04,39192.14,31555.37,40768.41,27106.6,28700.03,27989.07,35899.0,33615.66,38009.88,36139.47,37200.37,38631.93,32154.33,34790.33,22412.88,10315.48,17564.65,12223.71,17059.9,15153.32,31646.63,28894.93,31887.41,34394.12,41194.35,39215.14,29262.47,28895.73,24760.43,12910.01,9815.27,17926.25,18784.24,16208.85,23899.12,26922.44,25234.3,23724.46,22210.84,24055.26,21776.89,20579.68,19884.72,26448.74,25723.96,21847.31,24048.7,17837.76,13563.07,18985.9,14227.64
12933.39,13033.95,13143.58,9181.9,748.1,16309.48,0.0,1040.02,5941.13,5539.61,11582.87,17347.48,18316.28,13702.0,16399.73,17008.15,19483.94,16797.12,30587.39,23347.49,15710.72,24923.76,11261.95,12855.38,12144.42,20054.35,17771.01,22165.23,20294.82,21355.72,22787.28,16309.68,18945.68,28030.24,4562.21,4314.45,7532.47,13331.08,11596.62,15801.98,13050.28,16042.76,18549.47,25349.7,23370.49,13417.83,13051.08,8915.78,5457.63,15432.63,23543.61,24401.6,21826.21,29516.48,32539.8,30851.66,29341.81,27828.2,29672.62,27394.25,26197.04,25502.08,32066.09,31341.32,27464.67,29666.06,23455.12,19180.43,24603.26,19845.0
13475.58,13576.14,13685.77,9724.09,1290.3,16851.67,1019.72,0.0,6483.33,4995.8,12125.06,17889.68,17772.46,13508.01,14911.73,16814.16,19289.95,16603.13,30393.4,23153.5,15516.74,24729.77,11067.96,12661.39,11950.44,19860.37,17577.02,21971.25,20100.83,21161.74,22593.29,16115.69,18751.7,28572.43,5104.4,3770.64,8074.66,12787.26,11052.81,15607.99,12856.29,15848.77,18355.48,25155.71,23176.5,13223.84,12857.09,8721.79,5999.83,15974.82,24085.8,24943.79,22368.4,30058.67,33081.99,31393.85,29884.01,28370.39,30214.81,27936.44,26739.23,26044.27,32608.29,31883.51,28006.86,30208.25,23997.31,19722.62,25145.45,20387.2
7906.93,8007.49,8117.12,3279.83,5146.7,11283.02,5906.64,6469.13,0.0,10968.73,6556.41,12321.02,18399.26,19131.11,21828.84,22437.26,24913.05,22226.23,36016.5,28776.6,21139.84,30352.87,16691.06,18284.49,17573.54,25483.47,23200.13,27594.35,25723.94,26784.84,28216.4,21738.79,24374.8,23003.78,9325.8,9743.57,5878.34,17650.8,8954.69,21231.09,18479.39,21471.87,23978.59,30778.81,28799.61,18846.94,18480.2,14344.89,2494.47,10406.17,18517.15,19375.14,16799.75,24490.02,27513.34,25825.2,24315.36,22801.74,24646.16,22367.79,21170.58,20475.62,27039.63,26314.86,22438.21,24639.6,18428.66,14153.97,19576.8,14818.54
14761.53,15670.95,15819.53,14419.3,5985.5,18985.42,5714.93,5191.41,11178.54,0.0,12269.5,9598.08,13177.62,10629.62,12464.14,13989.66,18466.08,15779.26,29569.53,26200.31,15460.36,29424.98,15763.17,12585.21,16645.65,24555.57,22272.23,26666.46,24796.04,25856.95,27288.5,20810.9,23446.9,29786.1,9799.61,1909.03,6770.23,8192.42,6457.97,16899.48,17551.5,20543.98,23050.69,29850.92,27871.71,17919.05,17552.3,13417.0,10695.03,17260.77,25299.47,26229.74,23654.35,31344.62,34367.94,32679.8,31169.96,29656.34,31428.48,29150.1,27952.9,27330.22,33894.24,33097.17,29220.52,31421.92,20411.48,16965.45,26359.12,18240.24
4789.7,4890.26,4999.89,9772.34,10835.63,8165.78,11595.57,12158.06,6531.58,12269.5,0.0,2891.7,11028.1,24820.04,27517.77,28126.19,30601.97,27915.16,41705.43,34465.53,26828.76,36041.8,22379.99,23973.42,23262.46,31172.39,28889.05,33283.27,31412.86,32473.76,33905.32,27427.72,30063.72,19886.55,15014.73,12838.04,7497.1,10279.65,6094.6,26920.02,24168.32,27160.8,29667.51,36467.74,34488.53,24535.87,24169.12,20033.82,8183.4,7288.94,15399.92,16257.91,13682.51,21372.79,24396.11,22707.97,21198.13,19684.51,21528.93,19250.55,18053.35,17358.39,23922.4,23197.63,19320.98,21522.37,15311.43,11036.74,16459.57,11701.31
5163.44,6072.86,8709.97,15682.71,16745.99,11875.87,17505.93,14192.92,12441.94,9598.08,2891.7,0.0,7574.79,20227.76,26482.99,28256.06,33899.34,25377.4,53139.61,42045.08,25058.5,41952.16,28290.35,22183.35,29172.83,37082.76,34799.41,39193.64,37323.23,38384.13,39815.69,33338.08,35974.09,20188.01,20925.1,9374.9,4863.01,6826.33,3423.19,26497.62,30078.68,33071.16,35577.88,42378.11,40398.89,30446.23,30079.48,25944.18,14093.76,7662.68,15701.38,16631.65,14056.26,21746.53,24769.85,23081.71,21571.87,20058.25,21830.39,19552.01,18354.81,17732.13,24296.15,23499.08,19622.43,21823.83,9848.22,7367.36,16761.03,8642.15
11241.67,12151.09,14788.21,21760.94,18590.64,17954.1,18320.07,17796.55,18520.18,13201.71,11028.1,7574.79,0.0,23127.32,20915.4,22688.47,28331.8,27150.76,45776.45,36477.54,28815.06,40105.31,26429.08,25939.91,26676.8,35235.91,32952.56,39247.71,37377.29,38438.2,39869.75,33392.15,36028.15,26266.24,22404.75,12978.53,12437.8,5051.18,8930.87,30254.18,28231.83,31224.31,35631.94,40531.25,40452.96,30500.29,32353.74,26022.14,20171.99,13740.92,21779.61,22709.89,20134.49,27824.76,30848.09,29159.95,27650.1,26136.48,27908.62,25630.25,24433.04,23810.36,30374.38,29577.32,25700.67,27902.06,11350.63,10845.69,22839.26,12120.48
26172.81,26273.37,26383.0,22421.32,13987.53,29548.9,13716.95,13473.79,19180.56,10615.33,24822.29,20213.46,23225.68,0.0,2697.73,4217.04,8693.45,6006.63,19796.9,16427.68,5687.74,16977.99,3301.76,2812.58,3549.48,12108.58,9825.24,16120.38,14249.97,15310.87,16742.43,10264.83,12900.83,41269.66,17801.63,12440.68,20771.89,22138.33,17073.35,7126.86,5104.51,8096.99,12504.62,17403.93,17325.64,7372.97,9226.42,6184.41,18697.06,28672.05,36783.04,37641.02,35065.63,42755.9,45779.23,44091.08,42581.24,41067.62,42912.04,40633.67,39436.46,38741.5,45305.52,44580.74,40704.09,42905.49,36694.55,32419.85,37842.69,33084.43
32214.11,33123.54,29080.74,25119.05,16685.26,32246.63,16414.69,14921.86,21878.29,12449.84,27520.02,26598.41,21013.76,2697.73,0.0,2258.89,7416.36,6235.31,18931.31,15562.09,8385.47,19675.72,5999.49,5510.32,6247.21,14806.32,12522.97,18818.12,16947.7,18008.6,19440.16,12962.56,15598.56,47238.68,20499.37,14275.2,19136.39,19926.41,23458.3,9824.59,7802.24,10794.72,15202.35,20101.66,20023.37,10070.71,11924.15,8882.15,21394.79,34713.36,42752.05,43682.33,41106.93,48797.2,51820.53,50132.39,48622.54,47108.92,48881.06,46602.69,45405.48,44782.8,51346.82,50549.76,46673.11,48874.5,32323.07,31818.13,43811.7,33092.92
29478.96,29579.53,29689.16,25727.47,17293.68,32855.05,17023.1,16779.94,22486.71,13975.37,28128.44,28371.48,22786.84,4217.04,2258.89,0.0,8242.13,5555.31,19345.58,15976.36,5236.42,17690.95,6607.91,3525.54,4262.44,12821.54,10538.2,18090.58,16220.16,17281.06,18712.63,12235.02,14871.03,44575.82,21107.79,15800.72,24078.04,21699.48,25231.37,6675.53,5817.46,8809.95,14474.81,18116.89,19295.83,9343.17,11962.63,9490.56,22003.21,31978.21,40089.19,40947.18,38371.78,46062.05,49085.38,47397.23,45887.39,44373.77,46218.2,43939.82,42742.62,42047.65,48611.67,47886.89,44010.24,46211.64,34096.14,35726.0,41148.84,36390.58
31958.57,32059.13,32168.76,28207.08,19773.28,35334.65,19502.71,19259.54,24966.31,18405.21,30608.04,34029.34,28444.7,8646.88,7430.93,8195.56,0.0,2298.25,15227.4,11858.18,4727.66,17043.63,9087.51,7049.1,7551.2,12189.88,13826.96,21379.34,19508.92,20569.83,22001.38,15523.78,18159.79,52436.09,23587.39,20230.56,26557.64,27357.35,30889.23,6166.78,9106.22,12098.71,17763.57,21405.65,22584.59,12631.93,15251.39,11970.17,24482.81,34457.81,42568.79,43426.78,40851.38,48541.66,51564.98,68120.9,65637.38,46853.38,67693.77,46419.43,45222.22,44527.26,67166.48,55747.16,51870.51,57421.25,42480.3,38205.61,43628.44,38870.18
29274.38,29374.94,29484.57,25522.89,17089.1,32650.47,16818.52,16575.36,22282.13,15721.03,27923.86,25319.16,27355.38,5962.7,6341.61,5511.37,2298.25,0.0,13790.27,10421.05,2728.35,15044.32,6403.33,4364.91,4867.01,10190.57,11142.77,18695.15,16824.74,17885.64,19317.2,12839.6,15475.6,44371.23,20903.2,17546.38,23873.46,26268.03,22179.05,4167.47,6422.04,9414.52,15079.39,18721.46,19900.41,9947.74,12567.21,9285.98,21798.63,31773.62,39884.61,40742.59,38167.2,45857.47,48880.79,47192.65,45682.81,44169.19,46013.61,43735.24,42538.04,41843.07,48407.09,47682.31,43805.66,46007.05,39796.12,35521.42,40944.26,36186.0
43064.65,43165.21,43274.84,39313.16,30879.37,46440.74,30608.79,30365.63,36072.4,29511.29,41714.13,53396.17,46033.02,19752.97,18992.64,19301.64,15227.4,13790.27,0.0,6436.59,16219.69,16257.32,20193.6,18155.18,18657.28,18034.02,24933.04,32485.42,30615.01,31675.91,33107.47,26629.87,29265.87,61671.5,34693.47,31336.65,37663.73,38919.05,42450.94,17658.8,20212.31,23204.79,28869.66,20926.72,25771.79,23738.01,26357.48,23076.25,35588.89,45563.89,53674.88,54532.86,51957.47,59647.74,62671.06,77356.31,74872.8,57959.46,76929.19,64038.52,56328.3,55633.34,76401.9,64982.57,61105.92,66656.66,57411.93,49311.69,54734.52,49976.27
35930.52,36031.08,36140.71,32179.03,23745.23,39306.61,23474.66,23231.49,28938.27,26142.08,34580.0,42221.83,36637.18,16383.75,15623.42,15932.42,11858.18,10421.05,6436.59,0.0,8120.44,10558.39,13059.46,11371.18,11404.75,12335.09,13737.84,21556.59,21492.18,20750.57,23776.88,19495.73,22131.74,51027.37,27559.34,27967.43,30529.6,35549.83,39081.71,8154.81,13078.18,15429.82,18259.09,15227.79,20072.85,16603.88,19223.35,15942.12,28454.76,38429.76,46540.74,47398.73,44823.34,52513.61,55536.93,53848.79,52338.95,50825.33,52669.75,50391.38,49194.17,48499.21,78695.32,54338.45,50461.8,52663.2,46452.25,42177.56,47600.39,42842.13
28208.3,28308.86,28418.49,24456.81,16023.01,31584.38,15752.44,15509.27,21216.04,15460.09,26857.78,25058.22,28927.44,5701.76,8399.49,5250.43,4727.66,2728.35,16219.69,8120.44,0.0,12364.06,5337.24,3298.83,3800.93,8102.16,7486.19,17629.07,15758.65,16819.55,18251.12,11773.51,14409.52,43305.15,19837.12,18783.71,22807.38,27840.09,21918.11,2079.06,5355.95,8348.44,11434.87,14327.9,18834.32,8881.66,11501.12,8219.9,20732.54,30707.54,38818.52,39676.51,37101.11,44791.39,47814.71,46126.57,44616.72,43103.11,44947.53,42669.16,41471.95,40776.98,47341.0,46616.22,42739.57,44940.97,38730.03,34455.34,39878.17,35119.91
37394.57,37495.14,37604.77,33643.09,25209.29,40770.66,24938.71,24695.55,30402.32,29195.15,36044.05,41808.67,40270.75,17045.07,19742.8,17758.03,17043.63,15044.32,16257.32,10558.39,12364.06,0.0,13880.79,14347.33,13636.38,5694.2,7379.81,13541.65,15167.01,13284.88,15761.94,13285.5,13481.76,52491.43,29023.39,27969.99,31993.65,39183.4,35252.16,11692.41,12310.92,9712.94,10793.4,7212.85,12057.91,15937.65,16133.9,16334.5,29918.82,39893.82,48004.8,48862.79,46287.39,53977.66,57000.99,55312.85,53803.0,52289.38,54133.8,51855.43,50658.23,49963.27,56527.28,55802.5,51925.85,54127.25,47916.31,43641.61,49064.45,44306.19
23764.82,23865.38,23975.01,20013.33,11579.54,27140.91,11308.96,11065.8,16772.57,15565.4,22414.3,28178.92,26527.44,3301.76,5999.49,6607.91,9083.7,6396.88,20187.15,12947.25,5310.49,13847.77,0.0,2455.14,1744.19,8978.36,6695.02,12853.43,10983.01,12043.92,13475.47,6997.87,9633.88,38861.68,15393.64,14340.24,18363.9,25440.09,21622.41,5401.74,2521.02,4966.77,9237.66,14273.71,14058.68,4106.02,6465.27,3039.86,16289.07,26264.06,34375.05,35233.04,32657.64,40347.91,43371.23,41683.09,40173.25,38659.63,40504.05,38225.68,37028.48,36333.51,42897.53,42172.75,38296.1,40497.5,34286.56,30011.86,35434.7,30676.44
25317.73,25418.29,25527.92,21566.24,13132.45,28693.82,12861.87,12618.71,18325.48,12570.91,23967.21,22169.05,26038.27,2812.58,5510.32,3525.54,7089.79,4402.97,18193.24,11388.93,3316.57,14338.87,2446.68,0.0,910.36,9469.47,7186.13,14738.5,12868.09,13928.99,15360.55,8882.95,11518.95,40414.59,16946.55,15893.15,19916.81,24950.92,19028.94,4002.34,2465.39,5457.87,11122.74,14764.81,15943.76,5991.09,8610.56,5329.33,17841.98,27816.97,35927.96,36785.95,34210.55,41900.82,44924.14,43236.0,41726.16,40212.54,42056.96,39778.59,38581.39,37886.42,44450.44,43725.66,39849.01,42050.41,35839.47,31564.77,36987.61,32229.35
24615.24,24715.8,24825.43,20863.75,12429.96,27991.33,12159.38,11916.22,17622.99,13374.89,23264.72,29029.34,26842.24,3616.56,6314.29,4329.52,7547.38,4860.56,18650.83,11380.07,3774.17,13636.38,1744.19,918.82,0.0,8766.97,6483.63,14036.01,12165.6,13226.5,14658.06,8180.45,10816.46,39712.09,16244.06,15190.65,19214.32,25754.89,22472.82,3834.56,1762.9,4755.38,10420.25,14062.32,15241.27,5288.6,7908.07,4626.84,17139.49,27114.48,35225.46,36083.45,33508.06,41198.33,44221.65,42533.51,41023.67,39510.05,41354.47,39076.1,37878.89,37183.93,43747.95,43023.17,39146.52,41347.91,35136.98,30862.28,36285.11,31526.86
32525.17,32625.73,32735.36,28773.68,20339.88,35901.26,20069.31,19826.14,25532.92,24325.74,31174.65,36939.27,35401.35,12175.66,14873.4,12888.62,12219.61,10220.3,18034.02,12335.09,8131.89,5694.2,9011.39,9477.92,8766.97,0.0,2510.41,12554.54,9157.09,8415.48,10916.81,8416.09,8612.35,47622.02,24153.99,23100.58,27124.25,34314.0,30382.75,6792.77,7441.51,4843.53,5924.0,6225.73,11070.8,11068.25,11264.49,11465.1,25049.41,35024.41,43135.39,43993.38,41417.98,49108.26,52131.58,50443.44,48933.6,47419.98,49264.4,46986.03,45788.82,45093.86,51657.88,50933.1,47056.45,49257.84,43046.9,38772.21,44195.04,39436.79
30259.58,30360.14,30469.77,26508.09,18074.3,33635.67,17803.72,17560.56,23267.33,22060.15,28909.06,34673.68,33135.76,9910.08,12607.81,10623.03,13840.9,11154.08,24944.35,13724.79,7502.86,7366.76,6745.8,7212.34,6501.39,2497.35,0.0,9551.35,8413.67,7672.06,10173.4,6440.66,6636.92,45356.43,21888.4,20834.99,24858.66,32048.41,28117.16,6163.75,5175.92,2577.94,3948.56,7792.7,12637.76,8802.66,9289.06,9199.51,22783.83,32758.82,40869.8,41727.79,39152.4,46842.67,49865.99,48177.85,46668.01,45154.39,46998.81,44720.44,43523.23,42828.27,49392.29,48667.51,44790.86,46992.25,40781.32,36506.62,41929.45,37171.2
34653.55,34754.11,34863.75,30902.06,22468.27,38029.64,22197.69,21954.53,27661.3,26454.13,33303.03,39067.65,39368.66,16142.98,18840.71,18113.87,21331.73,18644.91,32435.18,21445.13,17558.52,13430.19,12876.03,14703.17,13992.22,12443.07,9553.97,0.0,1994.46,1545.77,2589.39,6097.43,5174.6,49750.41,26282.38,25228.97,29252.63,34245.59,32511.14,17649.77,13347.89,11887.1,7963.5,6262.56,1462.9,8736.98,8945.83,12753.45,27177.8,37152.8,45263.78,46121.77,43546.37,51236.64,54259.96,52571.82,51061.98,49548.36,51392.79,49114.41,47917.21,47222.24,53786.26,53061.48,49184.83,51386.23,45175.29,40900.59,46323.43,41565.17
32793.57,32894.13,33003.76,29042.08,20608.29,36169.66,20337.71,20094.54,25801.32,24594.14,31443.05,37207.66,37508.68,14283.0,16980.73,16253.88,19471.75,16784.93,30575.2,21492.18,15698.53,15177.43,11016.04,12843.19,12132.24,9157.09,8426.72,2004.89,0.0,1195.38,2626.94,4237.44,3314.61,47890.42,24422.39,23368.98,27392.65,32385.61,30651.15,15789.79,11487.9,10759.85,6103.51,8009.81,3210.15,6877.0,7085.84,10893.46,25317.81,35292.81,43403.79,44261.78,41686.39,49376.66,52399.98,50711.84,49202.0,47688.38,49532.8,47254.43,46057.22,45362.26,51926.28,51201.5,47324.85,49526.24,43315.3,39040.61,44463.44,39705.18
33854.47,33955.03,34064.66,30102.98,21669.19,37230.56,21398.61,21155.45,26862.22,25655.04,32503.95,38268.57,38569.58,15343.9,18041.63,17314.79,20532.65,17845.83,31636.1,20750.57,16759.44,13284.88,12076.94,13904.09,13193.14,8415.48,7685.11,1589.57,1195.38,0.0,2211.62,5298.35,4375.52,48951.32,25483.29,24429.88,28453.55,33446.51,31712.05,13537.11,12548.81,10018.24,7164.42,7594.49,2794.83,7937.9,8146.74,11954.36,26378.72,36353.71,44464.7,45322.68,42747.29,50437.56,53460.88,51772.74,50262.9,48749.28,50593.7,48315.33,47118.13,46423.16,52987.18,52262.4,48385.75,50587.14,44376.21,40101.51,45524.34,40766.09
35302.69,35403.25,35512.88,31551.2,23117.41,38678.78,22846.83,22603.67,28310.44,27103.26,33952.17,39716.79,40017.8,16792.12,19489.85,18763.01,21980.87,19294.05,33084.32,23776.88,18207.66,15761.94,13525.16,15352.31,14641.36,10933.47,10203.11,2589.39,2643.6,2194.91,0.0,6746.57,5823.74,50399.54,26931.51,25878.1,29901.77,34894.73,33160.27,18298.91,13997.03,12536.24,8612.64,8594.31,3794.65,9386.12,9594.96,13402.58,27826.94,37801.93,45912.91,46770.91,44195.51,51885.78,54909.11,53220.96,51711.12,50197.5,52041.92,49763.55,48566.34,47871.38,54435.4,53710.62,49833.97,52035.37,45824.43,41549.73,46972.57,42214.31
28808.43,28908.99,29018.62,25056.94,16623.14,32184.51,16352.57,16109.4,21816.17,20609.0,27457.9,33222.52,33523.54,10297.85,12995.59,12268.74,15486.6,12799.79,26590.05,19350.16,11713.39,13285.5,7030.9,8858.04,8147.09,8416.09,6440.66,6107.86,4237.44,5298.35,6729.91,0.0,2888.31,43905.28,20437.25,19383.84,23407.51,28400.46,26666.01,11804.65,7502.76,9948.5,2492.1,12112.78,7313.12,2891.85,2848.4,6908.32,21332.67,31307.67,39418.65,40276.64,37701.24,45391.52,48414.84,46726.7,45216.86,43703.23,45547.66,43269.29,42072.08,41377.12,47941.13,47216.36,43339.71,45541.1,39330.16,35055.46,40478.3,35720.04
31444.43,31544.99,31654.62,27692.94,19259.15,34820.52,18988.57,18745.41,24452.18,23245.0,30093.91,35858.53,36159.54,12933.86,15631.59,14904.75,18122.61,15435.79,29226.06,21986.16,14349.4,13481.76,9666.9,11494.05,10783.1,8612.35,6636.92,5185.03,3314.61,4375.52,5807.07,2888.31,0.0,46541.29,23073.25,22019.84,26043.51,31036.47,29302.01,14440.65,10138.77,9214.98,2688.36,11189.95,6390.28,5527.86,5736.71,9544.32,23968.68,33943.67,42054.66,42912.64,40337.25,48027.52,51050.84,49362.7,47852.86,46339.24,48183.66,45905.29,44708.09,44013.12,50577.14,49852.36,45975.71,48177.11,41966.17,37691.47,43114.3,38356.05
15908.89,17130.43,19767.54,26740.28,27803.56,22933.44,28563.5,29125.99,23499.52,30160.91,20407.11,20562.82,26641.05,41787.97,47515.14,45094.12,52562.39,44883.09,61757.35,51433.46,43796.7,53009.73,39347.92,40941.35,40230.4,48140.33,45856.98,50251.21,48380.8,49441.7,50873.26,44395.65,47031.66,0.0,31982.67,29805.97,24465.04,25892.6,23986.01,43887.95,41136.25,44128.73,46635.45,53435.68,51456.46,41503.8,41137.05,37001.75,25151.33,15923.08,7994.12,6991.02,11006.04,10630.18,10559.76,9801.76,7270.54,6486.35,6308.51,2367.02,3452.77,5490.32,7891.45,7873.37,3996.72,6198.12,8508.94,11189.1,3975.21,9564.88
16413.07,16513.63,16623.26,6232.23,4227.79,10300.43,4501.0,5063.49,9420.82,9563.08,15062.55,20827.17,22339.74,17725.47,20423.2,21031.62,23507.4,20820.59,34610.86,27370.96,19734.19,28947.23,15285.42,16878.85,16167.89,24077.82,21794.48,26188.71,24318.29,25379.19,26810.75,20333.15,22969.15,31509.92,0.0,8337.92,11012.15,17354.55,15620.09,19825.45,17073.75,20066.23,22572.94,29373.17,27393.96,17441.29,17074.55,12939.25,4471.37,18912.31,27023.29,27881.28,25305.89,32996.16,36019.48,34331.34,32821.5,31307.88,33152.3,30873.93,29676.72,28981.76,35545.78,34821.0,30944.35,33145.75,26934.81,22660.11,28082.95,23324.69
14188.56,14289.12,14398.75,12998.53,4564.73,17564.65,4294.16,3770.64,9757.76,1942.19,12838.04,9374.9,12954.44,12440.68,14275.2,15800.72,20277.13,17590.31,31380.58,26427.94,18791.17,28004.21,14342.4,15935.82,15224.87,23134.8,20851.46,25245.68,23375.27,24436.17,25867.73,19390.13,22026.13,29285.42,8378.84,0.0,5349.45,7969.24,6234.79,18882.43,16130.73,19123.21,21629.92,28430.15,26450.94,16498.27,16131.53,11996.23,9274.26,16687.8,24798.79,25656.78,23081.38,30771.65,33794.98,32106.83,30596.99,29083.37,30927.79,28649.42,27452.22,26757.25,33321.27,32596.49,28719.84,30921.24,24710.3,16742.27,25858.44,21100.18
8847.62,8948.18,9057.81,9094.28,6784.36,12223.71,7544.31,8106.79,5853.52,6803.39,7497.1,4863.01,12437.8,20768.77,19136.39,24074.93,26550.71,23863.89,37654.16,30414.27,22777.5,31990.54,18328.73,19922.15,19211.2,27121.13,24837.79,29232.01,27361.6,28422.5,29854.06,23376.46,26012.46,23944.48,10963.47,5349.45,0.0,8063.25,3545.95,22868.76,20117.05,23109.54,25616.25,32416.48,30437.27,20484.6,20117.86,15982.56,4132.14,11346.86,19457.85,20315.84,17740.44,25430.71,28454.04,26765.89,25256.05,23742.43,25586.85,23308.48,22111.28,21416.31,27980.33,27255.55,23378.9,25580.3,19369.36,15094.66,20517.5,15759.24
10493.22,11402.64,14039.75,21012.49,13581.36,17205.65,13310.78,12787.26,17771.72,8192.42,10279.65,6826.33,5051.18,22039.97,19828.05,21601.12,27244.45,26063.41,38759.41,35390.19,27727.71,39017.96,25341.73,24852.55,25589.45,34148.55,31865.21,34262.31,32391.9,33452.8,34884.36,28406.75,31042.76,25517.79,17395.46,7969.24,8063.25,0.0,4800.37,29166.83,27144.48,30136.96,30646.55,39443.9,35467.57,25514.9,25148.16,21012.86,19423.54,12992.46,21031.16,21961.43,19386.04,27076.31,30099.63,28411.49,26901.65,25388.03,27160.16,24881.79,23684.59,23061.91,29625.93,28828.86,24952.21,27153.61,12742.65,10097.23,22090.81,11372.02
8586.63,9496.05,12133.17,12170.63,11846.9,15299.06,11576.33,11052.81,8929.87,6457.97,6094.6,3423.19,8930.87,17087.64,23342.88,25115.95,30759.23,22237.28,42274.18,38904.96,21918.39,35286.38,21624.57,19043.23,22507.04,30416.97,28133.63,32527.85,30657.44,31718.34,33149.9,26672.3,29308.3,23611.2,15661.01,6234.79,3545.95,4800.37,0.0,23357.5,23412.9,26405.38,28912.09,35712.32,33733.11,23780.44,23413.7,19278.4,7619.15,11085.87,19124.57,20054.84,17479.45,25169.72,28193.04,26504.9,24995.06,23481.44,25253.58,22975.21,21778.0,21155.32,27719.34,26922.28,23045.63,25247.02,13271.41,10790.55,20184.22,12065.34
28366.3,28466.86,28576.49,24614.81,16181.02,31742.39,15910.44,15667.28,21374.05,16875.03,27015.78,26473.17,30342.39,7116.7,9814.44,6665.38,6142.61,4143.3,17634.63,8154.81,2054.89,11692.41,5495.25,3910.15,3840.53,6792.77,6176.81,17787.07,15916.66,13537.11,18409.12,11931.52,14567.52,43463.16,19995.12,18941.71,22965.38,29255.04,23333.06,0.0,5513.96,8506.44,10125.48,13018.52,17863.58,9039.66,11659.13,8377.9,20890.55,30865.54,38976.52,39834.52,37259.12,44949.39,47972.71,46284.57,44774.73,43261.11,45105.53,42827.16,41629.96,40934.99,47499.01,46774.23,42897.58,45098.98,38888.04,34613.34,40036.18,35277.92
25521.09,25621.65,25731.29,21769.6,13335.81,28897.18,13065.23,12822.07,18528.84,17321.67,24170.57,29935.19,28397.27,5171.59,7869.32,5884.55,9102.41,6415.59,20205.86,12965.96,5329.2,12310.92,2650.04,2473.85,1762.9,7441.51,5158.17,13358.32,11487.9,12548.81,13980.37,7502.76,10138.77,40617.95,17149.91,16096.51,20120.17,27309.92,23378.68,5420.45,0.0,3429.92,9106.84,12736.86,14563.58,4610.91,7177.91,5532.69,18045.34,28020.33,36131.32,36989.3,34413.91,42104.18,45127.51,43439.36,41929.52,40415.9,42260.32,39981.95,38784.75,38089.78,44653.8,43929.02,40052.37,42253.77,36042.83,31768.13,37190.97,32432.71
28513.57,28614.14,28723.77,24762.08,16328.29,31889.66,16057.72,15814.55,21521.32,20314.15,27163.05,32927.67,31389.75,8164.07,10861.8,8877.03,12094.89,9408.07,23198.34,15429.82,8321.68,9712.94,4999.79,5466.33,4755.38,4843.53,2560.19,11897.53,10759.85,10018.24,12519.58,9948.5,9197.22,43610.43,20142.4,19088.99,23112.65,30302.4,26371.16,8412.93,3429.92,0.0,6508.87,10138.88,14983.94,7056.65,9623.65,7453.51,21037.82,31012.82,39123.8,39981.79,37406.39,45096.66,48119.99,46431.85,44922.0,43408.38,45252.8,42974.43,41777.23,41082.27,47646.28,46921.5,43044.85,45246.25,39035.31,34760.61,40183.45,35425.19
31048.22,31148.78,31258.41,27296.73,18862.94,34424.31,18592.36,18349.2,24055.97,22848.79,29697.7,35462.32,35763.33,12537.65,15235.38,14508.53,17726.4,15039.58,28829.85,18259.09,11451.54,10793.4,9270.69,11097.84,10386.89,5924.0,3948.56,7973.93,6103.51,7164.42,8595.98,2492.1,2688.36,46145.07,22677.04,21623.63,25647.3,30640.26,28905.8,10112.43,9124.6,6526.62,0.0,10016.41,9179.18,5131.65,5340.49,9148.11,23572.46,33547.46,41658.45,42516.43,39941.04,47631.31,50654.63,48966.49,47456.65,45943.03,47787.45,45509.08,44311.88,43616.91,50180.93,49456.15,45579.5,47780.89,41569.96,37295.26,42718.09,37959.84
37820.52,37921.08,38030.71,34069.03,25635.23,41196.61,25364.66,25121.49,30828.26,29621.09,36470.0,42234.61,40696.7,17471.01,20168.75,18183.97,21401.83,18715.01,20926.72,15227.79,14357.63,7212.85,14306.74,14773.27,14062.32,6225.73,7805.75,6374.03,7999.38,7550.69,8594.31,12102.35,11179.52,52917.37,29449.34,28395.93,32419.6,39609.34,35678.1,13018.52,12736.86,10138.88,10016.41,0.0,4890.29,14741.9,14950.75,16760.45,30344.76,40319.76,48430.74,49288.73,46713.33,54403.61,57426.93,55738.79,54228.95,52715.32,54559.75,52281.38,51084.17,50389.21,56953.22,56228.45,52351.8,54553.19,48342.25,44067.56,49490.39,44732.13
35858.81,35959.37,36069.0,32107.32,23673.53,39234.9,23402.95,23159.79,28866.56,27659.38,34508.29,40272.91,40573.92,17348.24,20045.97,19319.13,22536.99,19850.17,25771.79,20072.85,18763.78,12057.91,14081.28,15908.43,15197.48,11070.8,12650.82,1574.37,3199.72,2751.03,3794.65,7302.69,6379.86,50955.66,27487.63,26434.22,30457.89,35450.85,33716.39,17863.58,14553.15,14983.94,9168.76,4890.29,0.0,9942.24,10151.08,13958.7,28383.06,38358.05,46469.04,47327.02,44751.63,52441.9,55465.22,53777.08,52267.24,50753.62,52598.04,50319.67,49122.46,48427.5,54991.52,54266.74,50390.09,52591.48,46380.55,42105.85,47528.68,42770.43
25916.57,26017.13,26126.76,22165.08,13731.29,29292.66,13460.71,13217.55,18924.32,17717.14,24566.05,30330.67,30631.68,7406.0,10103.73,9376.89,12594.75,9907.93,23698.2,16458.3,8821.54,15937.65,4139.05,5966.19,5255.24,11068.25,8784.9,8747.41,6877.0,7937.9,9369.46,2891.85,5527.86,41013.43,17545.39,16491.98,20515.65,25508.61,23774.15,8912.79,4610.91,7056.65,5131.65,14752.33,9952.67,0.0,2002.04,4016.47,18440.82,28415.81,36526.8,37384.79,34809.39,42499.66,45522.98,43834.84,42325.0,40811.38,42655.8,40377.43,39180.23,38485.26,45049.28,44324.5,40447.85,42649.25,36438.31,32163.61,37586.45,32828.19
25521.9,25622.46,25732.09,21770.41,13336.61,28897.98,13066.04,12822.87,18529.64,17322.47,24171.38,29935.99,30099.13,9212.19,11909.93,12518.35,14994.13,12307.31,26097.58,18857.69,11220.92,16133.9,6465.27,8365.57,7654.62,11264.49,9289.06,8956.26,7085.84,8146.74,9578.3,2848.4,5736.71,40618.75,17150.72,16097.31,20120.98,25113.94,23379.48,11312.18,7207.47,9653.21,5340.49,14961.18,10161.51,2002.04,0.0,4135.3,18046.14,28021.14,36132.12,36990.11,34414.71,42104.99,45128.31,43440.17,41930.32,40416.71,42261.13,39982.75,38785.55,38090.59,44654.61,43929.82,40053.18,42254.57,36043.63,31768.94,37191.77,32433.51
21386.6,21487.16,21596.79,17635.11,9201.31,24762.68,8930.74,8687.57,14394.34,13187.17,20036.07,25800.69,25963.83,6184.41,8882.15,9490.56,11966.35,9279.53,23069.8,15829.9,8193.14,16301.48,3039.86,5337.79,4626.84,11432.07,9148.73,12739.5,10869.09,11929.99,13361.55,6883.94,9519.95,36483.45,13015.42,11962.01,15985.67,20978.63,19244.18,8284.39,5532.69,7420.48,9123.74,16727.42,13944.76,3992.09,4135.3,0.0,13910.84,23885.84,31996.82,32854.81,30279.41,37969.69,40993.01,39304.87,37795.02,36281.41,38125.83,35847.45,34650.25,33955.29,40519.3,39794.52,35917.88,38119.27,31908.33,27633.64,33056.47,28298.21
9533.06,9633.62,9743.25,4940.33,4709.53,12909.14,5469.47,6031.96,2540.8,10531.56,8182.53,13947.15,20025.38,18693.94,21391.67,22000.09,24475.88,21789.06,35579.33,28339.43,20702.67,29915.7,16253.89,17847.32,17136.37,25046.3,22762.96,27157.18,25286.77,26347.67,27779.23,21301.62,23937.63,24629.91,4471.37,9306.4,4132.14,19276.93,7619.15,20793.92,18042.22,21034.7,23541.42,30341.64,28362.44,18409.77,18043.03,13907.72,0.0,12032.3,20143.28,21001.27,18425.87,26116.15,29139.47,27451.33,25941.48,24427.87,26272.29,23993.91,22796.71,22101.75,28665.76,27940.98,24064.33,26265.73,20054.79,15780.1,21202.93,16444.67
2739.52,3543.02,6813.45,13786.19,14849.47,9979.35,15609.41,16171.9,10545.42,18442.59,7453.02,8844.5,14922.73,28833.88,35796.82,32140.03,34615.82,31929.0,45719.27,38479.37,30842.61,40055.64,26393.83,27987.26,27276.31,35186.23,32902.89,37297.12,35426.7,36487.61,37919.16,31441.56,34077.57,15548.26,19028.57,16851.88,11510.94,14174.28,12267.69,30933.86,28182.16,31174.64,33681.36,40481.58,38502.38,28549.71,28182.96,24047.66,12197.24,0.0,10247.92,10338.7,7763.3,15453.57,18476.9,16788.75,15278.91,13765.29,16304.79,14912.27,12860.24,11439.17,18003.19,18859.34,14982.69,17184.09,10973.15,6698.45,12121.29,7363.03
11047.45,12463.09,14906.1,21878.84,22942.12,18072.0,23702.06,24264.55,18638.07,25299.47,15545.67,15701.38,21779.61,36926.53,42653.69,40232.68,42708.46,40021.65,53811.92,46572.02,38935.25,48148.29,34486.48,36079.91,35368.96,43278.88,40995.54,45389.77,43519.35,44580.25,46011.81,39534.21,42170.21,8140.59,27121.22,24944.53,19603.59,21031.16,19124.57,39026.51,36274.81,39267.29,41774.0,48574.23,46595.02,36642.36,36275.61,32140.31,20289.89,10289.8,0.0,2994.73,3285.67,8291.68,10202.79,9444.79,7934.95,6421.33,8686.93,6824.29,5211.35,3718.14,10659.23,13938.33,10061.68,12263.07,6052.13,6327.66,4033.3,5184.7
11750.37,12553.86,15824.29,22797.03,23860.31,18990.19,24620.25,25182.74,19556.26,26753.61,16463.86,17155.52,23233.75,37844.72,40542.45,41150.87,43626.66,40939.84,54730.11,47490.21,39853.45,49066.48,35404.67,36998.1,36287.15,44197.08,41913.73,46307.96,44437.54,45498.45,46930.01,40452.4,43088.41,9416.92,28039.41,25862.72,20521.79,22485.3,20578.71,39944.7,37193.0,40185.48,42692.2,49492.43,47513.21,37560.55,37193.8,33058.5,21208.08,10380.57,2994.73,0.0,3376.44,7847.5,8255.81,7497.8,5987.96,4474.34,7013.83,5295.03,3569.29,2148.22,8712.24,16147.33,12270.68,14472.08,8261.14,8536.66,5309.64,7393.71
8876.04,9679.54,12949.97,19922.7,20985.98,16115.86,21745.93,22308.41,16681.94,23879.28,13589.53,14281.19,20359.42,34970.39,37668.13,38276.55,40752.33,38065.52,51855.79,44615.88,36979.12,46192.16,32530.35,34123.77,33412.82,41322.75,39039.41,43433.63,41563.22,42624.12,44055.68,37578.07,40214.08,10853.58,25165.09,22988.4,17647.46,19610.97,17704.38,37070.38,34318.68,37311.16,39817.87,46618.1,44638.89,34686.22,34319.48,30184.18,18333.75,7506.24,2986.74,3077.51,0.0,8192.39,10285.58,9527.57,8017.73,6504.11,9043.6,7324.8,5599.05,4177.99,10742.01,16651.32,12774.67,14976.07,8765.13,9040.65,6746.3,7897.69
17632.26,18435.75,21706.18,28678.92,29742.2,24872.08,30502.14,31064.63,25438.15,32635.5,22345.75,23037.41,29115.64,43726.61,46424.34,47032.76,49508.55,46821.73,60612.0,53372.1,45735.34,54948.37,41286.56,42879.99,42169.04,50078.96,47795.63,52189.85,50319.43,51380.34,52811.89,46334.29,48970.3,10962.31,33921.3,31744.61,26403.67,28367.19,26460.6,45826.59,43074.89,46067.37,48574.09,55374.31,53395.11,43442.44,43075.7,38940.39,27089.97,16262.46,9058.69,7871.93,9258.33,0.0,4891.81,6284.42,7579.37,6065.75,8879.33,8479.89,6754.14,6371.22,10303.65,18314.88,14438.23,22151.35,15085.32,15360.85,12133.82,14217.89
19859.86,20663.36,23933.79,30906.52,31969.8,27099.68,32729.74,33292.23,27665.76,34863.1,24573.35,25265.01,31343.24,45954.21,48651.95,49260.36,51736.15,49049.33,62839.6,55599.7,47962.94,57175.98,43514.17,45107.59,44396.64,52306.57,50023.23,54417.45,52547.04,53607.94,55039.5,48561.89,51197.9,11346.19,36148.91,33972.22,28631.28,30594.79,28688.2,48054.2,45302.5,48294.98,50801.69,57601.92,55622.71,45670.04,45303.3,41168.0,29317.57,18490.06,10202.79,8255.81,10584.5,4069.58,0.0,5331.09,7963.25,6449.63,9263.21,8863.77,7138.02,6755.1,10687.53,24559.33,14822.11,21198.02,15469.2,15744.73,12517.7,14601.77
18200.43,19003.92,22274.35,29247.09,30310.37,25440.25,31070.31,31632.8,26006.32,33203.67,22913.92,23605.58,29683.81,44294.78,46992.51,47600.93,67356.18,47389.9,76551.14,53940.27,46303.5,55516.54,41854.73,43448.16,42737.21,50647.14,48363.79,52758.02,50887.6,51948.5,53380.07,46902.46,49538.46,10588.19,34489.47,32312.78,26971.84,28935.36,27028.77,46394.76,43643.06,46635.54,49142.25,55942.48,53963.27,44010.61,43643.86,39508.56,27658.14,16830.63,9444.79,7497.8,9826.5,6738.72,5331.09,0.0,6343.9,5691.63,8400.29,8105.77,6380.02,5997.1,7873.0,19832.99,19446.73,16471.68,14711.2,14986.72,11759.7,13843.77
16633.67,17437.16,20707.59,27680.33,28743.61,23873.49,29503.55,30066.04,24439.56,32319.87,21347.16,22721.78,28800.01,42728.02,65447.55,46034.17,64623.09,45823.14,73818.05,52373.51,44736.75,53949.78,40287.97,41881.4,41170.45,49080.38,46797.04,51191.26,49320.84,50381.75,51813.3,45335.7,47971.71,7516.49,32922.71,30746.02,25405.08,28051.56,26144.97,44828.0,42076.3,45068.78,47575.5,54375.72,52396.52,42443.85,42077.11,37941.8,26091.38,15263.87,7878.03,5931.04,8259.74,7976.76,7906.33,6500.38,0.0,3047.19,2342.24,5034.07,4366.86,4430.34,2913.93,17099.89,10992.41,13738.58,13072.54,13348.06,7808.37,12205.1
15544.63,16348.13,19618.56,26591.29,27654.57,22784.46,28414.52,28977.0,23350.53,30547.87,20258.12,20949.78,27028.02,41638.98,44336.72,44945.14,47420.92,44734.11,76460.66,51284.48,43647.71,52860.75,39198.94,40792.36,40081.41,47991.34,45708.0,50102.22,48231.81,49292.71,50724.27,44246.67,46882.67,6759.95,31833.68,29656.99,24316.05,26279.56,24372.97,43738.97,40987.27,43979.75,46486.46,53286.69,51307.48,41354.81,40988.07,36852.77,25002.35,14174.83,6789.0,4842.01,7170.71,6887.72,6817.3,6059.29,2832.26,0.0,2491.33,4277.53,3610.32,3341.3,5556.54,14112.52,10235.87,16381.2,12055.41,12330.93,7051.83,11187.97
17673.36,18476.86,20992.13,27964.87,29028.15,24158.03,29788.09,30350.58,24724.1,31385.5,21631.7,21787.41,27865.64,43012.56,48739.72,46318.71,66522.7,46107.68,75717.66,52658.05,45021.29,54234.32,40572.51,42165.94,41454.98,49364.91,47081.57,51475.8,49605.38,50666.29,52097.84,45620.24,48256.25,6582.11,33207.25,31030.56,25689.62,27117.19,25210.6,45112.54,42360.84,45353.32,47860.04,54660.26,52681.05,42728.39,42361.64,38226.34,26375.92,16303.56,8643.95,6970.74,9299.44,9020.78,8950.35,8399.99,2040.24,2830.22,0.0,4099.69,3432.48,5470.04,1632.72,13934.68,10058.04,15638.2,12138.16,12413.69,6874.0,11270.73
14942.58,16164.12,18801.24,25773.97,26837.25,21967.13,27597.19,28159.68,22533.21,29194.6,19440.8,19596.51,25674.75,40821.66,46548.83,44127.81,54599.58,43916.78,63794.54,50467.15,42830.39,52043.43,38381.62,39975.04,39264.09,47174.02,44890.68,49284.9,47414.49,48475.39,49906.95,43429.34,46065.35,2557.99,31016.36,28839.67,23498.73,24926.29,23019.71,42921.64,40169.95,43162.43,45669.14,52469.37,50490.16,40537.49,40170.75,36035.45,24185.02,14956.77,6868.79,4857.93,7186.62,8497.09,8426.66,7668.66,5137.44,4353.25,4175.42,0.0,1319.67,3357.22,5758.35,9910.56,6033.91,8235.31,7542.63,10222.79,2849.88,8598.57
14271.91,15075.4,17559.53,24532.27,25595.55,20725.43,26355.49,26917.98,21291.5,27952.9,18199.1,18354.81,24433.04,39579.96,45307.13,42886.11,45361.9,42675.08,56465.35,49225.45,41588.68,50801.72,37139.91,38733.34,38022.39,45932.32,43648.97,48043.2,46172.78,47233.68,48665.25,42187.64,44823.64,4239.2,29774.65,27597.96,22257.02,23684.59,21778.0,41679.94,38928.24,41920.72,44427.43,51227.66,49248.45,39295.79,38929.04,34793.74,22943.32,12902.11,5211.35,3569.29,5897.98,7208.45,7138.02,6380.02,4437.6,3356.56,3475.58,1756.78,0.0,2068.58,5058.51,11591.77,7715.12,9916.51,8705.56,8981.09,5591.55,7838.13
12850.84,13654.34,16924.77,23897.5,24960.79,20090.67,25720.73,26283.22,20656.74,27854.08,17564.34,18255.99,24334.23,38945.2,41642.93,42251.35,44727.14,42040.32,55830.59,48590.69,40953.92,50166.96,36505.15,38098.57,37387.63,45297.55,43014.21,47408.43,45538.02,46598.92,48030.48,41552.88,44188.88,6276.75,29139.89,26963.2,21622.26,23585.77,21679.19,41045.18,38293.48,41285.96,43792.67,50592.9,48613.69,38661.02,38294.28,34158.98,22308.56,11481.04,3718.14,2148.22,4476.92,6825.52,6755.1,5997.1,4487.25,2973.64,5513.13,3794.33,2068.58,0.0,7211.53,13629.32,9752.67,11954.07,8984.55,9260.07,6033.04,8117.11
19390.81,20194.31,23464.74,30437.47,31500.76,26630.64,32260.7,32823.19,27196.71,32968.43,24104.3,23370.35,29448.58,45485.17,66819.88,48791.32,65995.41,68239.81,75190.37,77566.59,47493.89,56706.93,43045.12,44638.54,43927.59,51837.52,49554.18,53948.41,52077.99,53138.89,54570.45,48092.85,50728.85,8165.05,35679.86,33503.17,28162.23,28700.12,26793.54,47585.15,44833.45,47825.93,50332.64,57132.87,55153.66,45201.0,44834.25,40698.95,28848.53,18021.01,10635.18,8688.19,11016.89,10733.9,10663.48,7872.7,2757.15,5804.34,1632.72,5682.63,5015.42,7187.49,0.0,18472.21,18085.96,15110.9,13721.1,13996.62,8456.94,12853.67
18845.15,20066.69,22703.81,29676.54,30739.82,25869.7,31499.76,32062.25,26435.78,33097.17,23343.37,23499.08,29577.32,44724.23,50451.4,48030.38,55498.65,47819.35,64693.61,54369.72,46732.96,55946.0,42284.18,43877.61,43166.66,51076.59,48793.25,53187.47,51317.06,52377.96,53809.52,47331.91,49967.92,7498.56,34918.93,32742.24,27401.3,28828.86,26922.28,46824.21,44072.51,47065.0,49571.71,56371.94,54392.73,44440.06,44073.32,39938.02,28087.59,18859.34,13938.33,16147.33,16950.25,18128.74,18058.32,20391.37,17907.86,13984.9,13807.07,9865.58,10951.32,12988.88,19436.96,0.0,4513.54,7665.36,11445.2,14125.36,11132.66,12501.14
14968.5,16190.04,18827.16,25799.89,26863.17,21993.05,27623.11,28185.6,22559.13,29220.52,19466.72,19622.43,25700.67,40847.58,46574.75,44153.73,51622.0,43942.7,60816.96,50493.07,42856.31,52069.34,38407.54,40000.96,39290.01,47199.94,44916.6,49310.82,47440.41,48501.31,49932.87,43455.27,46091.27,3621.91,31042.28,28865.59,23524.65,24952.21,23045.63,42947.57,40195.86,43188.34,45695.06,52495.29,50516.08,40563.41,40196.67,36061.37,24210.94,14982.69,10061.68,12270.68,13073.6,14252.09,14181.67,13423.67,10892.45,10108.25,9930.42,5988.93,7074.67,9112.22,11513.36,4513.54,0.0,3788.71,7568.55,10248.71,7256.01,8624.49
17160.58,18382.12,21019.23,27991.96,29055.24,24185.13,29815.19,30377.68,24751.2,31412.6,21658.79,21814.51,27892.74,43039.66,48766.82,46345.81,57083.71,46134.78,66278.67,52685.15,45048.38,54261.42,40599.61,42193.04,41482.08,49392.01,47108.67,51502.89,49632.48,50693.38,52124.94,45647.34,48283.34,5813.98,33234.35,31057.66,25716.72,27144.29,25237.7,45139.64,42387.94,45380.42,47887.13,54687.36,52708.15,42755.48,42388.74,38253.44,26403.02,17174.76,12253.75,14462.76,15265.67,16444.17,21860.0,17133.67,14650.15,12300.33,16706.54,8181.0,9266.75,11304.3,16179.25,7656.04,3779.39,0.0,9760.63,12440.79,9448.08,10816.57
10958.96,12180.5,14817.61,21790.35,22853.63,17983.51,23613.57,24176.06,18549.58,20453.94,15457.18,9848.22,11350.63,36838.04,32224.71,33997.78,42619.98,39933.16,57093.1,46483.53,38846.77,48059.8,34397.99,35991.42,35280.47,43190.39,40907.05,45301.28,43430.86,44491.77,45923.32,39445.72,42081.73,8134.13,27032.73,24856.04,19515.1,12742.65,13271.41,38938.02,36186.32,39178.8,41685.52,48485.74,46506.54,36553.87,36187.13,32051.82,20201.4,10973.15,6052.13,8261.14,9064.06,14290.35,15469.2,14711.2,12401.65,11687.74,11439.62,7498.13,8705.56,8984.55,13022.56,11445.2,7568.55,9769.95,0.0,3239.33,4707.15,2653.17
6684.26,7905.8,10542.92,17515.65,18578.93,13708.81,19338.88,19901.36,14274.89,16965.45,11182.48,7367.36,11018.06,32563.34,31892.14,33665.21,38345.28,35658.46,49448.73,42208.84,34572.07,43785.11,30123.3,31716.72,31005.77,38915.7,36632.36,41026.58,39156.17,40217.07,41648.63,35171.03,37807.03,10764.15,22758.04,16742.27,15240.41,10269.6,10790.55,34663.33,31911.63,34904.11,37410.82,44211.05,42231.84,32279.17,31912.43,27777.13,15926.71,6698.45,6277.52,8486.53,9289.45,14515.74,15694.59,14936.59,13368.55,11913.12,12406.53,10128.16,8930.95,9209.93,13989.46,14075.23,10198.58,12399.97,3239.33,0.0,7337.17,1363.84
12107.1,13328.64,15965.75,22938.49,24001.77,19131.65,24761.71,25324.2,19697.72,26359.12,16605.32,16761.03,22839.26,37986.18,43713.34,41292.33,43768.12,41081.3,54871.57,47631.67,39994.91,49207.94,35546.13,37139.56,36428.61,44338.54,42055.2,46449.42,44579.0,45639.91,47071.46,40593.86,43229.87,4121.67,28180.87,26004.18,20663.24,22090.81,20184.22,40086.16,37334.46,40326.94,42833.66,49633.88,47654.68,37702.01,37335.26,33199.96,21349.54,12121.29,4033.3,5309.64,7045.23,11338.85,12517.7,11759.7,7708.89,6924.7,6746.87,2805.38,3891.12,6033.04,8329.8,11132.66,7256.01,9457.41,4707.15,7387.31,0.0,5763.09
7348.84,8570.38,11207.49,18180.23,19243.51,14373.39,20003.45,20565.94,14939.46,18240.24,11847.06,8642.15,12292.85,33227.92,33166.93,36534.07,39009.86,36323.04,50113.31,42873.41,35236.65,44449.68,30787.87,32381.3,31670.35,39580.28,37296.93,41691.16,39820.75,40881.64,42313.21,35835.6,38471.61,9190.07,23422.61,18017.06,15904.98,11544.4,12065.34,35327.9,32576.2,35568.68,38075.39,44875.63,42896.41,32943.75,32577.0,28441.7,16591.28,7363.03,5184.7,7393.71,8196.62,13422.92,14601.77,13843.77,12275.73,10820.3,11313.71,8554.07,7838.13,8117.11,12896.64,12501.14,8624.49,10825.89,2653.17,1363.84,5763.09,0.0
